Unnamed: 0,Unnamed: 0.1,Date,TweetURL,User,Source,Location,Tweet,Likes_Count,Retweet_Count,Quote_Count,Reply_Count,compoundVader,compoundTextBlob,compoundChatGPT
16,16,2022-09-14 21:23:19+00:00,https://twitter.com/JulyE_21/status/1570161294908723200,JulyE_21,Twitter for iPhone,,eth bullish   the ethereum merge is set to take place this week. what investors should know about it | nextadvisor with time ,1,0,0,1,0.0,"Sentiment(polarity=0.0, subjectivity=0.0)",0.7
21,21,2022-09-14 20:42:06+00:00,https://twitter.com/DukeBitcoin/status/1570150920754966528,DukeBitcoin,Twitter for Android,Follow me...,"falta pouco para o merge do eth, se perder o suporte,  queda infinita. ",0,0,1,0,0.0,"Sentiment(polarity=0.0, subjectivity=0.0)",-0.8
22,22,2022-09-14 20:41:36+00:00,https://twitter.com/JungleSmith1/status/1570150795617738754,JungleSmith1,Twitter for iPhone,,"_______ on eth merge, bullish on aptos",3,0,0,0,0.0,"Sentiment(polarity=0.0, subjectivity=0.0)",0.5
28,28,2022-09-14 20:00:03+00:00,https://twitter.com/CryptoMarketInd/status/1570140339658268672,CryptoMarketInd,CryptoMarketIndex,Global,"the eth sentiment for sep 14, 2022 @ 16:00 edt is  59% bullish   bullmarket    eth cryptomarket cryptonews",0,0,0,0,0.0,"Sentiment(polarity=0.0, subjectivity=0.0)",0.59
31,31,2022-09-14 19:44:04+00:00,https://twitter.com/ClassicDragon_/status/1570136318025560066,ClassicDragon_,Twitter Web App,,most bullish chart of the week   buy here:   etc etcgem 100xgem classicdragon cryptocurrency etc ethereum altcoin 100xgem crypto eth $eth $btc $dragon altcoin memecoin 100x cryptoworld ,15,6,2,5,0.0,"Sentiment(polarity=0.5, subjectivity=0.5)",0.8
586,586,2022-09-09 20:00:03+00:00,https://twitter.com/CryptoMarketInd/status/1568328401122988033,CryptoMarketInd,CryptoMarketIndex,Global,"the eth sentiment for sep 09, 2022 @ 16:00 edt is  71% bullish   bullmarket    eth cryptomarket cryptonews",0,0,0,0,0.0,"Sentiment(polarity=0.0, subjectivity=0.0)",0.71
527,527,2022-09-10 14:30:41+00:00,https://twitter.com/Ada28587778/status/1568607899659780096,Ada28587778,Twitter for Android,,  i'm bullish!!!  zukuverse enterthejungle zuku eth nftcommunity  ,2,0,0,0,0.0,"Sentiment(polarity=0.0, subjectivity=0.0)",0.8
534,534,2022-09-10 12:30:57+00:00,https://twitter.com/yokocrypto_/status/1568577767691718656,yokocrypto_,Twitter Web App,‰∫¨ÈÉΩÂ∏Ç,eth/usd update   eth flipped above the local resistance  local priority is bullish while we are above the one ,0,0,0,0,0.0,"Sentiment(polarity=0.0, subjectivity=0.05)",0.8
86,86,2022-09-14 12:58:02+00:00,https://twitter.com/ICEBOYBILL/status/1570034134365634561,ICEBOYBILL,Twitter for Android,,i'm bullish on $eth merge  eth cryptocurrencies,0,0,0,1,0.0,"Sentiment(polarity=0.0, subjectivity=0.0)",0.7
480,480,2022-09-11 00:07:34+00:00,https://twitter.com/HariTheodore/status/1568753077838118912,HariTheodore,Twitter Web App,,who else is bullish on eth merge,0,0,0,0,0.0,"Sentiment(polarity=0.0, subjectivity=0.0)",0.7
518,518,2022-09-10 16:40:31+00:00,https://twitter.com/CrypToomas/status/1568640576010031105,CrypToomas,Twitter for iPhone,Netherlands ,im bullish on $etc after the eth merge.,6,2,0,2,0.0,"Sentiment(polarity=0.0, subjectivity=0.0)",0.8
487,487,2022-09-10 23:44:36+00:00,https://twitter.com/Nishant_Bliss/status/1568747298104156161,Nishant_Bliss,Twitter for iPhone,"Kota, Rajasthan","bearish on eth, bullish on $rvn.",31,1,2,4,0.0,"Sentiment(polarity=0.0, subjectivity=0.0)",-0.5
141,141,2022-09-13 22:58:49+00:00,https://twitter.com/Matthew32073304/status/1569822941025636352,Matthew32073304,Twitter for iPhone,United Kingdom, so buy  its oversold which is very bullish considering whats coming. ive bought the dip yonko luff dev usdc eth anime animeimpulseoc2022 cryptocurency,1,0,0,0,0.0,"Sentiment(polarity=0.2, subjectivity=0.3)",0.7
486,486,2022-09-10 23:48:30+00:00,https://twitter.com/AlecRapop/status/1568748279399325696,AlecRapop,Twitter for iPhone,United States,"eth merge is about to begin are you bullish or bearish? i am bullish for the next week or so, i think that may be followed by a sell off though. crypto ethmerge eth",1,0,0,4,0.0,"Sentiment(polarity=0.0, subjectivity=0.0)",0.5
485,485,2022-09-10 23:51:01+00:00,https://twitter.com/Ada28587778/status/1568748912256888832,Ada28587778,Twitter for Android,, bullish on zukuverse zukuverse enterthejungle zuku eth nftcommunity  ,4,0,0,4,0.0,"Sentiment(polarity=0.0, subjectivity=0.0)",0.75
144,144,2022-09-13 22:43:50+00:00,https://twitter.com/Matthew32073304/status/1569819169927102465,Matthew32073304,Twitter for iPhone,United Kingdom,  its oversold which is very bullish considering whats coming. ive bought the dip yonko luff dev usdc eth,2,0,0,1,0.0,"Sentiment(polarity=0.2, subjectivity=0.3)",0.7
145,145,2022-09-13 22:30:58+00:00,https://twitter.com/Shaolin_Wolf/status/1569815930040877058,Shaolin_Wolf,Twitter for iPhone,The Future, tothemoon bullish eth ,6,1,0,0,0.0,"Sentiment(polarity=0.0, subjectivity=0.0)",0.8
483,483,2022-09-10 23:53:15+00:00,https://twitter.com/Kilpat12388/status/1568749475723907072,Kilpat12388,Twitter for iPhone,New Zealand,bullish as fuk eth bullrun ,5,1,0,2,0.0,"Sentiment(polarity=0.0, subjectivity=0.0)",0.9
482,482,2022-09-10 23:53:23+00:00,https://twitter.com/b3grade/status/1568749507650945025,b3grade,Twitter for Android,,   bullish af on $rune  $rune   1000x 1000xgem 100x 100xgem crypto eth,0,0,0,0,0.0,"Sentiment(polarity=0.0, subjectivity=0.0)",0.8
147,147,2022-09-13 22:02:06+00:00,https://twitter.com/TradinginTime/status/1569808665565184002,TradinginTime,Tradeupdates,Donate to altoogle.eth,"ethereum $eth  over the last 7 days eth has  mostly been ranging between $1,596.85 &amp; $1,696.96 eth is looking bullish and is trending up  there is the potential for consolidation  level of interest(htf) target $2,230.35 altoogle",0,0,0,2,0.0,"Sentiment(polarity=0.16666666666666666, subjectivity=0.5222222222222223)",0.5
491,491,2022-09-10 22:35:02+00:00,https://twitter.com/bitcoinagile/status/1568729792660516865,bitcoinagile,bitcoinagile,Matter Doesn't Matter,bullish market structure shift on ethusdt for bybit:ethusdt by ocelot965 eth $eth  ,0,0,0,1,0.0,"Sentiment(polarity=0.0, subjectivity=0.0)",0.8
477,477,2022-09-11 01:52:24+00:00,https://twitter.com/BrilloGP/status/1568779462279581697,BrilloGP,Twitter Web App,Metaverse,eth at 1760 bearish on trend (abcd). probable target at 1600 with dip to local highs for resistance retest ethereum layer1 merge pos metaverse nft web3 dca hodl buythedip diamondhands fomo ,6,2,0,4,0.0,"Sentiment(polarity=0.0, subjectivity=0.0)",0.25
476,476,2022-09-11 01:55:40+00:00,https://twitter.com/CryptoEliteNews/status/1568780283024998400,CryptoEliteNews,CryptoEliteNews,,the eth merge: bull or bear? david debates jordi alexander  listen now (89 min) | let us know what you think!  eth newsletter bearish bullish  ,0,0,0,0,0.0,"Sentiment(polarity=0.0, subjectivity=0.0)",0.25
150,150,2022-09-13 21:22:13+00:00,https://twitter.com/BrilloGP/status/1569798629090787329,BrilloGP,Twitter Web App,Metaverse,matic at 0.86 bearish on trend (pullback). probable target at 0.80 (50ma) with bounce to local highs for resistance retest polygon layer2 eth merge pos staking dex defi disney fomo ,1,1,0,0,0.0,"Sentiment(polarity=0.0, subjectivity=0.0)",0.86
465,465,2022-09-11 05:15:35+00:00,https://twitter.com/OyoshiSakamoto/status/1568830592757944321,OyoshiSakamoto,Twitter Web App,,_pepe links:   - bullish chart - degen community - based dev - 47% of supply token burned  $ching chingon eth 1000xgem memecoin  skull    _bitlord7 ,2,2,0,0,0.0,"Sentiment(polarity=0.0, subjectivity=0.0)",0.5
151,151,2022-09-13 21:03:04+00:00,https://twitter.com/KrispNaztyFarms/status/1569793809084473352,KrispNaztyFarms,Twitter for Android,"Fort Smith, AR",  _investing  $eth $wpt eth bullish,1,0,0,0,0.0,"Sentiment(polarity=0.0, subjectivity=0.0)",0.5
154,154,2022-09-13 20:54:49+00:00,https://twitter.com/BrilloGP/status/1569791733940260864,BrilloGP,Twitter Web App,Metaverse,dot at 7.30 bearish on trend (pullback). probable target at 7.00 with bounce to local highs (20ma) for resistance retest polkadot layer1 eth merge pos staking dex defi fomo ,1,1,0,0,0.0,"Sentiment(polarity=0.0, subjectivity=0.0)",0.2
155,155,2022-09-13 20:53:13+00:00,https://twitter.com/BrilloGP/status/1569791330745995264,BrilloGP,Twitter Web App,Metaverse,uni at 6.25 bearish on trend (pullback). probable target at 6.00 with bounce to local highs for resistance retest uniswap layer2 merge eth pos staking dex defi fomo ,1,1,0,0,0.0,"Sentiment(polarity=0.0, subjectivity=0.0)",0.25
463,463,2022-09-11 05:51:41+00:00,https://twitter.com/bitcoinagile/status/1568839677162954752,bitcoinagile,bitcoinagile,Matter Doesn't Matter,eth can go bullish after a retest or without a retest for binance:ethusdt by farooq123 eth $eth  ,0,0,0,0,0.0,"Sentiment(polarity=0.0, subjectivity=0.0)",0.5
156,156,2022-09-13 20:34:42+00:00,https://twitter.com/Charpleton/status/1569786673097211904,Charpleton,Twitter for iPhone,"Hem-Monacu, France","the eth merge will not have the bullish effect people expect, its not that poignant short term eth",1,0,1,0,0.0,"Sentiment(polarity=0.0, subjectivity=0.4)",0.2
489,489,2022-09-10 22:50:14+00:00,https://twitter.com/kripto_zey/status/1568733617068855296,kripto_zey,Twitter Web App,T√ºrkiye,eth bullish yapsn koruyor. 1820 ye temas grebiliriz. ,6,0,0,0,0.0,"Sentiment(polarity=0.0, subjectivity=0.0)",0.5
285,285,2022-09-12 22:53:18+00:00,https://twitter.com/Ada28587778/status/1569459162282885122,Ada28587778,Twitter for Android,, bullish zukuverse enterthejungle zuku eth nftcommunity  ,3,0,0,0,0.0,"Sentiment(polarity=0.0, subjectivity=0.0)",0.7
135,135,2022-09-14 00:26:25+00:00,https://twitter.com/DanOliverTweets/status/1569844985926664192,DanOliverTweets,Twitter for Android,,there's still time to get in early on my collection.  each work was hand-drawn by me.  each person tells a story.  this series is ripe to explode!    get in while you can.      nft nfts eth art nftcollector artbuy minimalism theminimalists,7,1,1,0,0.0,"Sentiment(polarity=0.125, subjectivity=0.3)",0.8
113,113,2022-09-14 06:13:08+00:00,https://twitter.com/startinginvest_/status/1569932238493724672,startinginvest_,Twitter Web App,BE,ethereum corrigeerde lager onder $1.650 ten opzichte van de amerikaanse dollar. eth moet boven de $1.550 ondersteuningszone blijven om een scherpe bearish omkering te voorkomen.  ethereum begon een belangrijke neerwaartse correctie en handelde onder het niveau van $1.650. ,1,0,0,1,0.0,"Sentiment(polarity=0.0, subjectivity=0.0)",-0.5
90,90,2022-09-14 12:00:03+00:00,https://twitter.com/CryptoMarketInd/status/1570019541949861890,CryptoMarketInd,CryptoMarketIndex,Global,"the eth sentiment for sep 14, 2022 @ 08:00 edt is  51% bullish   bullmarket    eth cryptomarket cryptonews",0,0,0,0,0.0,"Sentiment(polarity=0.0, subjectivity=0.0)",0.51
512,512,2022-09-10 18:07:24+00:00,https://twitter.com/AdamEShelton/status/1568662438517641219,AdamEShelton,Twitter Web App,"Daytona Beach, FL",ethereum hive is exploding!  via   eth,5,0,0,7,0.0,"Sentiment(polarity=0.0, subjectivity=0.0)",0.8
92,92,2022-09-14 11:30:16+00:00,https://twitter.com/noahcryptoyt/status/1570012048263872514,noahcryptoyt,Twitter for iPhone,Kadena Germany,"$arkd tge or eth merge, what are you more bullish on?",7,0,1,5,0.0,"Sentiment(polarity=0.5, subjectivity=0.5)",0.5
94,94,2022-09-14 11:07:44+00:00,https://twitter.com/bitcoinagile/status/1570006377975939072,bitcoinagile,bitcoinagile,Matter Doesn't Matter,ethusd potential for bullish trend  14th sept 2022 for coinbase:ethusd by fxcm eth $eth  ,0,1,0,0,0.0,"Sentiment(polarity=0.0, subjectivity=1.0)",0.6
106,106,2022-09-14 08:49:05+00:00,https://twitter.com/DU09BTC/status/1569971487544844288,DU09BTC,Twitter for iPhone,Your Crypto Community | YCC ‚Üí,are you bullish or bearish on eth merge day?,8,0,1,11,0.0,"Sentiment(polarity=0.0, subjectivity=0.0)",0.5
127,127,2022-09-14 02:33:07+00:00,https://twitter.com/Chris_Wealths/status/1569876872330199042,Chris_Wealths,Twitter for Android,,_faith  bullish zukuverse enterthejungle zuku eth nftcommunity  ,3,0,0,1,0.0,"Sentiment(polarity=0.0, subjectivity=0.0)",0.5
110,110,2022-09-14 07:02:12+00:00,https://twitter.com/TheTradingEngin/status/1569944588609097729,TheTradingEngin,Twitter for Android,Paris,ethereum gave a long-term bullish signal with the hash ribbon. it normally means that miners have capitulated. eth ,1,0,0,1,0.0,"Sentiment(polarity=0.15, subjectivity=0.6499999999999999)",0.7
503,503,2022-09-10 20:00:03+00:00,https://twitter.com/CryptoMarketInd/status/1568690787860336641,CryptoMarketInd,CryptoMarketIndex,Global,"the eth sentiment for sep 10, 2022 @ 16:00 edt is  62% bullish   bullmarket    eth cryptomarket cryptonews",0,0,0,0,0.0,"Sentiment(polarity=0.0, subjectivity=0.0)",0.62
504,504,2022-09-10 19:42:14+00:00,https://twitter.com/KrispNaztyFarms/status/1568686304627662848,KrispNaztyFarms,Twitter for Android,"Fort Smith, AR",  _ai  $eth $wpt eth bullish for the people by the people!,0,0,0,0,0.0,"Sentiment(polarity=0.0, subjectivity=0.0)",0.8
501,501,2022-09-10 20:22:02+00:00,https://twitter.com/DeFiHedgehog/status/1568696320747241472,DeFiHedgehog,dlvr.it,Foraging alpha nuggetsüåü,"next cryptocurrency to explode in 2022: ethereum (eth), binance coin (bnb), and  (crno) - analytics insight  ethereum eth",0,0,0,1,0.0,"Sentiment(polarity=0.0, subjectivity=0.0)",0.5
1,1,2022-09-14 23:50:48+00:00,https://twitter.com/_concreteclouds/status/1570198411282096131,_concreteclouds,Twitter for iPhone,An Eye Roll Into Brain,a n n o u n c e m e n t:   bullish bionic beast   we merge.  into a bullish bionic beast... to swag into the bull merge boom.  1 of 11  now available for  0.002    _io  art by @_concreteclouds  cryptoart nft cryptoartist eth themerge ,19,13,0,2,0.0,"Sentiment(polarity=0.4, subjectivity=0.4)",0.8
119,119,2022-09-14 04:00:02+00:00,https://twitter.com/CryptoMarketInd/status/1569898745642246147,CryptoMarketInd,CryptoMarketIndex,Global,"the eth sentiment for sep 14, 2022 @ 00:00 edt is  80% bearish   bearmarket    eth cryptomarket cryptonews",0,0,0,0,0.0,"Sentiment(polarity=0.0, subjectivity=0.0)",-0.8
496,496,2022-09-10 21:58:46+00:00,https://twitter.com/AaronRDay/status/1568720663984103425,AaronRDay,Twitter for iPad,"Free State Project, NH",". ravencoin just had its first halving earlier this year. now, ethereum miners are migrating as eth moves to proof-of-stake. all of this with the broader trends towards decentralization and the tokenization of everything.   bullish.   rvn $rvn  ",21,5,0,1,0.0,"Sentiment(polarity=0.125, subjectivity=0.41666666666666663)",0.7
123,123,2022-09-14 03:32:45+00:00,https://twitter.com/bitcoinagile/status/1569891879667519490,bitcoinagile,bitcoinagile,Matter Doesn't Matter,ethusd potential for bullish trend  14th sept 2022 for coinbase:ethusd by desmondlzw eth $eth  ,0,0,0,0,0.0,"Sentiment(polarity=0.0, subjectivity=1.0)",0.7
498,498,2022-09-10 21:24:35+00:00,https://twitter.com/Neuro__Invest/status/1568712062368649216,Neuro__Invest,Twitter Web App,"Vancouver, British Columbia",eth options update:  options exceptionally bullish moving into next weeks big merge event   a large buy side demand for eth call options expiring by sept 30 pushes the volatility smile into a state of extreme bullish bias  some willing to pay a fat premium for long exposure ,3,0,1,0,-0.0202,"Sentiment(polarity=0.15699404761904762, subjectivity=0.4723214285714286)",0.8
998,998,2022-09-06 18:17:19+00:00,https://twitter.com/drdooming/status/1567215384063021056,drdooming,Twitter for iPhone,,eth is preventing cryptos from crashing,1,0,0,0,-0.0258,"Sentiment(polarity=0.0, subjectivity=0.0)",0.5
948,948,2022-09-07 05:58:37+00:00,https://twitter.com/DiamondCryptoo/status/1567391870959104001,DiamondCryptoo,Twitter for Android,,called it right before the crash   eth $eth ,0,0,0,0,-0.0258,"Sentiment(polarity=0.2857142857142857, subjectivity=0.5357142857142857)",0.2
806,806,2022-09-08 09:48:12+00:00,https://twitter.com/MicroChainsCbtc/status/1567812035697848321,MicroChainsCbtc,Twitter Web App,Cardano world,gmseptember is a special month for crypto.  ethereummerge cardanovasil and eos evm will happen in the coming days.    microchains has been building hard for these major upgrades.   will the bull wake up?  bullish  mcg eth ethereum cardano cardanovasil22ndsept,12,4,0,2,-0.046,"Sentiment(polarity=0.04265873015873015, subjectivity=0.5376984126984127)",0.8
907,907,2022-09-07 15:03:07+00:00,https://twitter.com/Alex_ADEdge/status/1567528900984721411,Alex_ADEdge,Twitter Web App,"1 AU, South Australia",buy eth monday -&gt; market crash wednesday  ,0,0,0,0,-0.0516,"Sentiment(polarity=0.0, subjectivity=0.0)",0.0
67,67,2022-09-14 15:59:21+00:00,https://twitter.com/loops_589_time/status/1570079767587885056,loops_589_time,Twitter for iPhone,,im predicting the eth merge has a hang up and freezes all fiat on/off ramps. then xrp go up and markets crash. ice-9  perfect timing with riddler warnings and court case rulings. _,189,15,5,17,-0.0772,"Sentiment(polarity=1.0, subjectivity=1.0)",-0.5
388,388,2022-09-12 01:48:09+00:00,https://twitter.com/cyberspace2140/status/1569140779880251393,cyberspace2140,Twitter for Android,BlockchainCity,eth ethereum may pullback to $1680 - $1640 for support at 3d / wkly 10ma or 20ma. worse case scenario lowest support to maintain bullish momentum is 8h 50ma &amp; 200ma at $1590 approx. nfa trading altcoins altcoin cryptos crypto markets ,0,0,0,4,-0.0772,"Sentiment(polarity=-0.4, subjectivity=0.6)",0.25
904,904,2022-09-07 15:49:09+00:00,https://twitter.com/tonymoontanaeth/status/1567540485312348167,tonymoontanaeth,Twitter for iPhone,,"the whole market is  while  over here just chilling. firesquad is a family, we really built different most projects! doxxed team, first project went to 50m mc, very bullish community that is heavily connected plus the chart speaks for itself.  eth ",31,20,1,17,-0.1007,"Sentiment(polarity=0.09687500000000002, subjectivity=0.4666666666666667)",0.7
54,54,2022-09-14 17:17:45+00:00,https://twitter.com/Temple_Crypto/status/1570099495773376514,Temple_Crypto,Twitter Web App,Switzerland ,"eth guys, sorry, i was distracted by other crypto business!   on the eve of tomorrow's merge, i noticed a bearish structure on ethereum and opened a short position. moreover, the price is currently fixed below the mirror level. ",3,0,1,4,-0.1007,"Sentiment(polarity=-0.1390625, subjectivity=0.46875)",-0.7
871,871,2022-09-07 21:00:56+00:00,https://twitter.com/Ozzi_S7/status/1567618947817828358,Ozzi_S7,Twitter Web App,,eth looks very bullish.  if price holds sep 6 low (stops?) a clear path towards $10k can now be seen.  lfg!  ,2,0,0,0,-0.1007,"Sentiment(polarity=0.10833333333333335, subjectivity=0.3277777777777778)",0.8
616,616,2022-09-09 15:27:04+00:00,https://twitter.com/crypto_vantage/status/1568259701665853440,crypto_vantage,Twitter Web App,USA,large eth whales have moved around 11% of their holdings from cold wallets onto centralized crypto exchanges.  most likely a sign that these whales are getting ready to dump their holdings.   does anyone know if themerge is going to be bullish or bearish?   let us know!,3,0,0,0,-0.1007,"Sentiment(polarity=0.07285714285714287, subjectivity=0.6857142857142857)",-0.5
10,10,2022-09-14 21:52:13+00:00,https://twitter.com/cyberspace2140/status/1570168566342639617,cyberspace2140,Twitter for Android,BlockchainCity,eth ethereum  4h 10ma &amp; 100ma is resistance to keep an eye on for directional bias. ie 4h close above = bullish.  4h close below = bearish. nfa dyor trading trade ethmerge ethmerger ,0,0,0,1,-0.1027,"Sentiment(polarity=0.0, subjectivity=0.1)",0.2
690,690,2022-09-08 19:35:47+00:00,https://twitter.com/bitcoinagile/status/1567959906535325696,bitcoinagile,bitcoinagile,Matter Doesn't Matter,indecision but bearish for bittrex:ethusd by ncard137 eth $eth  ,0,0,0,0,-0.1027,"Sentiment(polarity=0.0, subjectivity=0.0)",-0.5
169,169,2022-09-13 19:16:41+00:00,https://twitter.com/_TheBlockchain/status/1569767040222732290,_TheBlockchain,Twitter for iPhone,,looks like majority is bearish for the eth merge.  would be awkward if we would shoot up  ,0,0,0,0,-0.128,"Sentiment(polarity=-0.6, subjectivity=1.0)",-0.5
632,632,2022-09-09 11:41:25+00:00,https://twitter.com/WiseAnalyze/status/1568202914186895361,WiseAnalyze,Twitter Web App,,ethereum pumped above august vwap. next target is developing quarter vwap at ~1780. yet unclear if $eth will make it on this impulse. last unbroken high at 1722 - if cross above next target will be inevitable. but even in case of eth pullback this chart remains bullish. ,19,3,0,5,-0.128,"Sentiment(polarity=0.02, subjectivity=0.22583333333333333)",0.7
979,979,2022-09-06 23:16:04+00:00,https://twitter.com/AndrewGriUK/status/1567290566244704256,AndrewGriUK,Andrew Signals,"Birmingham, England",eth no confirmation yet but its looking quite bullish **  ethbtc ,4,0,0,0,-0.1531,"Sentiment(polarity=0.0, subjectivity=0.0)",0.7
976,976,2022-09-06 23:40:04+00:00,https://twitter.com/AndrewGriUK/status/1567296607690817536,AndrewGriUK,Andrew Signals,"Birmingham, England",eth no confirmation yet but its looking quite bullish **  ethbtc ,1,1,0,0,-0.1531,"Sentiment(polarity=0.0, subjectivity=0.0)",0.7
88,88,2022-09-14 12:34:46+00:00,https://twitter.com/danuscha_93/status/1570028281570656257,danuscha_93,Twitter Web App,," hey skull,   guess who is bullish on $sandren and its new tokenomics? the $cliff dev himself was on vc for 2 hours yesterday vouching for it   you know how these unique tokens run hard like $cliff, $pyro and $spiral?   ive been warning everyone since 20k   $eth eth $hoichi",10,2,0,5,-0.168,"Sentiment(polarity=0.07323232323232322, subjectivity=0.6654040404040403)",0.5
59,59,2022-09-14 16:49:20+00:00,https://twitter.com/BlessingWinner3/status/1570092345491886080,BlessingWinner3,Twitter Web App,, this is bloody!! hoping for bullish days.unidef eth,11,2,0,0,-0.1739,"Sentiment(polarity=-1.0, subjectivity=0.9)",0.5
394,394,2022-09-11 22:30:39+00:00,https://twitter.com/ILoveGlenPower/status/1569091074299240456,ILoveGlenPower,Twitter Web App,World,"$vlx is bullish as it gets  dpos for insane speeds, 75k tps and that number will grow significantly in the future  fastest evm chain out there to compete with eth 2.0  dyor on it , there are a loooot of articles about it  their ecosystem is growing rapidly",1,0,0,0,-0.1779,"Sentiment(polarity=-0.20833333333333334, subjectivity=0.6666666666666666)",0.8
414,414,2022-09-11 19:14:29+00:00,https://twitter.com/MrPoorTrader/status/1569041707743969280,MrPoorTrader,Twitter Web App,,a possible reversal is coming for eth as it fails to create another hh in the 1hr tf. as it goes sideways with a possibility of breaking our trendline may cause a bearish movement taking my entry around 1647 on $eth  ethereum themerge ,0,0,0,0,-0.1779,"Sentiment(polarity=-0.25, subjectivity=0.65)",0.2
416,416,2022-09-11 18:46:10+00:00,https://twitter.com/ibrahimcandas1/status/1569034584557506562,ibrahimcandas1,Twitter Web App,"Istanbul,T√ºrkiye",now or never last chance before new bullish season ens ensdomains eth domainsforsale ,1,0,0,0,-0.1877,"Sentiment(polarity=0.06818181818181818, subjectivity=0.2606060606060606)",0.5
30,30,2022-09-14 19:49:48+00:00,https://twitter.com/maxime_ctrr/status/1570137759393669123,maxime_ctrr,Twitter Web App,üìù Free TA Ebook ‚û°Ô∏è,"are you all ready for the merge tomorrow? do you think there will be a problem, a big crash of pos like pow?  themerge eth ethereum",4,0,0,4,-0.1926,"Sentiment(polarity=0.1, subjectivity=0.3)",0.25
535,535,2022-09-10 12:02:36+00:00,https://twitter.com/cryptocyco_s/status/1568570635990798336,cryptocyco_s,Twitter for Android,,"also with eth we have a daily bullish vector which we haven't seen in a long time, so i wouldn't be surprised if we ended up at 2100/2200 becareful shorting and longing, my plan is once/if we get a fast move down, i will be looking to open a long...",0,0,0,0,-0.194,"Sentiment(polarity=0.006349206349206345, subjectivity=0.4412698412698412)",0.7
608,608,2022-09-09 16:08:31+00:00,https://twitter.com/1_vizzy/status/1568270135244505089,1_vizzy,Twitter Web App,,bearish div on eth within the this channel. wouldn't be surprise for a retracement... ethereum cryptocurrency trading analytics ,0,0,0,2,-0.2057,"Sentiment(polarity=0.0, subjectivity=0.0)",-0.5
439,439,2022-09-11 13:50:33+00:00,https://twitter.com/UniLendLegion/status/1568960187746373637,UniLendLegion,Twitter for iPhone,,making your weekend more bullish   $uft in top gainers on     buy now before its too late  wazirx binance binanceblockchainweek tothemoon bscgemsalert bscgemsalert web3  blockchains cryptocurrency crypto ethereum eth polygon altcoins ,7,2,2,6,-0.2075,"Sentiment(polarity=0.5, subjectivity=0.5)",0.7
570,570,2022-09-10 00:07:57+00:00,https://twitter.com/JerryBlackburnn/status/1568390787280379905,JerryBlackburnn,Twitter for iPhone,,"just bought my 59th   genesis pass! met the team at veecon these guys left everything for this project , no way they are stopping here! sitting at .003 eth right now thank me later , reveal in an hour  palehorse sote nft eth bullish",6,2,0,0,-0.2225,"Sentiment(polarity=0.09523809523809523, subjectivity=0.17857142857142858)",0.8
103,103,2022-09-14 09:22:30+00:00,https://twitter.com/safineth/status/1569979894456635392,safineth,Twitter for Android,Earth ,"5,000 blocks left to be mined until ethereum merges to proof-of-stake.  i'm bullish on eth ",14,5,0,3,-0.2263,"Sentiment(polarity=0.0, subjectivity=0.0)",0.8
182,182,2022-09-13 16:45:01+00:00,https://twitter.com/MilaPlayporn/status/1569728871209074703,MilaPlayporn,milaplayporn,,"rocky road lies ahead, but heres 5 altcoins that still look bullish eth blockchain ripple news ",0,0,0,1,-0.2263,"Sentiment(polarity=0.0, subjectivity=0.0)",0.5
987,987,2022-09-06 20:47:29+00:00,https://twitter.com/TheSOLdiersNFT/status/1567253172325941260,TheSOLdiersNFT,Twitter for iPhone,,the nft gaming space is going to explode once aaa games are made with blockchain technology  imagine a bethesda open world game where you can find rare and limited loot that can be used to trade for crypto or something of equal.   nfts nftgame solananfts eth alpha nftart,9,0,0,4,-0.2263,"Sentiment(polarity=-0.034285714285714294, subjectivity=0.4385714285714286)",0.5
301,301,2022-09-12 19:34:41+00:00,https://twitter.com/Cryptik19/status/1569409179135213570,Cryptik19,Twitter for Android,, thats 13 million eth locked away and off the market. also the merge means less selling pressure from miners. extremely bullish for eth price action post merge.,2,0,0,0,-0.2315,"Sentiment(polarity=-0.06388888888888887, subjectivity=0.3888888888888889)",1.0
878,878,2022-09-07 19:50:50+00:00,https://twitter.com/DerShrink/status/1567601304360427520,DerShrink,Twitter for Android,Decentralized,"_hour51 i'll share my gem:  $kazu  higher lows since 1 month,fat lp,250k mcap,strong holders,dapp and usdc staking soon,new dao protocol,daily alphas 1000xgems pob erc20 kazumi hiddengem eth governance altcoin  bullish interview here: ",7,2,0,1,-0.25,"Sentiment(polarity=0.25, subjectivity=0.5)",0.7
917,917,2022-09-07 13:55:31+00:00,https://twitter.com/Dimi_h/status/1567511888107376641,Dimi_h,Twitter Web App,Belgium, the ethmerge is reason to be bullish.  even the most fervent eth -hater understands that this event will cause an upward tick in value for ethereum.   .... this despite it being one step closer to being an even more centralized mess.,2,0,0,0,-0.2614,"Sentiment(polarity=0.27499999999999997, subjectivity=0.39166666666666666)",0.75
542,542,2022-09-10 10:15:10+00:00,https://twitter.com/TraderRob10/status/1568543599461015552,TraderRob10,Twitter Web App,,"gm fam!   quick weekend analysis. i have posted here my ta on the daily time-frame and we can be very bullish on a number of tokens.   however, today, with low liquidity in markets i am expecting a small pullback in eth to around 1690$  enjoytheweekend tradesafe ",1,0,0,0,-0.2714,"Sentiment(polarity=0.056666666666666664, subjectivity=0.3)",0.4
609,609,2022-09-09 16:08:07+00:00,https://twitter.com/IdwarfRedwoods/status/1568270034350243841,IdwarfRedwoods,Twitter for iPhone,Taniquetil ,"flash crash and straight to 1800, lfg! $eth eth",0,0,0,0,-0.2714,"Sentiment(polarity=0.25, subjectivity=0.4)",0.5
168,168,2022-09-13 19:18:40+00:00,https://twitter.com/somelettersnmo/status/1569767537847443459,somelettersnmo,Twitter for Android,,"_eps  _bull_nft    _nft  will probably bottom out to the current new low , then build up , tons of factors to vary in , anyone telling you know they know exactly doesn't know a thing . i'm bullish as always .. incodewetrust defi primeapeplanet eth ethmerge nft",6,0,1,2,-0.2732,"Sentiment(polarity=0.09659090909090909, subjectivity=0.35113636363636364)",0.5
493,493,2022-09-10 22:14:38+00:00,https://twitter.com/GokhanSnapback/status/1568724657871667200,GokhanSnapback,Twitter for iPhone,United Kingdom,32 bones  away from 1 eth     lfg bones bonesbyjarritos jarritos bored web2 web3 nfts nftcommuntiy trending toonz bayc eth bullish ,18,3,0,2,-0.2732,"Sentiment(polarity=-0.5, subjectivity=1.0)",0.7
330,330,2022-09-12 15:01:00+00:00,https://twitter.com/arutmain/status/1569340304817168384,arutmain,Twitter Web App,"Dubai, United Arab Emirates",eth all exchanges reserve hitting 2 year low.. bullish  ,10,3,0,3,-0.2732,"Sentiment(polarity=0.0, subjectivity=0.3)",0.5
343,343,2022-09-12 13:00:58+00:00,https://twitter.com/MadYakK/status/1569310099306422272,MadYakK,Twitter for Android,the ether,gm   yakish (beyond bullish) eth ,10,0,0,6,-0.2732,"Sentiment(polarity=0.0, subjectivity=0.0)",1.0
925,925,2022-09-07 12:06:29+00:00,https://twitter.com/bitcoinagile/status/1567484447406149634,bitcoinagile,bitcoinagile,Matter Doesn't Matter,eth shifts bearish yet again. long is not optimal right now. for coinbase:ethusd by demodiaryfx_trading eth $eth  ,1,0,0,0,-0.2755,"Sentiment(polarity=0.11785714285714285, subjectivity=0.46785714285714286)",-0.7
0,0,2022-09-14 23:51:51+00:00,https://twitter.com/OzCastillo/status/1570198676273827841,OzCastillo,Twitter for iPad,üî•Hot Landüòè,5 hours   themerge  flippening ethmerge ethereummerge  14sep 15sep ethereum eth $eth  invest investing bullishcriptotwitter cryptotwitter crypto cripto cryptos criptos trading criptomoneda criptomonedas,2,1,0,1,-0.296,"Sentiment(polarity=0.0, subjectivity=0.0)",0.5
121,121,2022-09-14 03:53:02+00:00,https://twitter.com/Israr_Ahmad___/status/1569896981497057280,Israr_Ahmad___,Twitter for iPhone,"Lahore, Pakistan",eth merge:  market already smashed so badly.i personally believe this sell news event absorbed by market in  last night dump.  expecting not a severe crash on ethereum again.i might be wrong.,1,0,0,2,-0.3089,"Sentiment(polarity=-0.05, subjectivity=0.5416666666666666)",-0.5
579,579,2022-09-09 22:21:05+00:00,https://twitter.com/AlexKoprivica/status/1568363892748816384,AlexKoprivica,Twitter Web App,SERBIA,eth  currently eth does not look bullish. we need to see much more upside to cancel the current view... ,37,2,0,3,-0.3102,"Sentiment(polarity=0.16666666666666666, subjectivity=0.43333333333333335)",-0.5
663,663,2022-09-09 00:42:26+00:00,https://twitter.com/mrventuresnft/status/1568037077908094977,mrventuresnft,Twitter for iPhone,Blockchain,the legend  hooked me up with this _toonz he looking fresh af thanks bro!  nfts eth nftcommunity bullish ,14,8,1,4,-0.3164,"Sentiment(polarity=0.275, subjectivity=0.35)",0.8
311,311,2022-09-12 17:49:43+00:00,https://twitter.com/BigShortRare/status/1569382765677748227,BigShortRare,Twitter for iPhone,Africa,"do you think eth will pump to $2,140 before dumping due to the bullish new everywhere right now?",1,0,0,0,-0.3182,"Sentiment(polarity=0.09902597402597402, subjectivity=0.45508658008658004)",0.5
227,227,2022-09-13 10:54:02+00:00,https://twitter.com/itscrypto_news/status/1569640542203703296,itscrypto_news,Twitter Web App,United Arab Emirates,the ethereum price is approaching critical levels as the bullish momentum continues to build ahead of the anticipated merge  altcoin cryptobearmarket eth ethmerge ethereum  ,1,1,1,1,-0.3182,"Sentiment(polarity=0.0, subjectivity=0.4)",0.7
29,29,2022-09-14 19:51:40+00:00,https://twitter.com/TC_dao_/status/1570138230871433217,TC_dao_,Twitter Web App,Lost in translation,2/2 this does not take into account the upcoming eth launch of    the possibility to arbitrage from eth to bsc is bullish and we could see the chart do cool shit during the 30 day burn/claim phase,2,0,1,1,-0.3182,"Sentiment(polarity=0.07499999999999998, subjectivity=0.7250000000000001)",0.7
236,236,2022-09-13 08:53:38+00:00,https://twitter.com/chartsIV/status/1569610242710982657,chartsIV,Twitter Web App,,"eth update, keep an eye on this!!  neckline resistance level is 1790. it was tested and rejected earlier which formed a double top, but  the rising wedge on the daily is the most concerning part right now as a break out (bearish) will lead to alts dropping heavily. ",4,2,1,0,-0.3257,"Sentiment(polarity=0.15510204081632653, subjectivity=0.36224489795918363)",-0.7
194,194,2022-09-13 15:00:13+00:00,https://twitter.com/RetrospectApps/status/1569702495345119234,RetrospectApps,Retrospect Tweets,Crypto Space, hourly eth update   1592.21$ | -8.14% -score -14.425469297367965 market view: -1.89  24h: somewhat bullish   follow for more! more info in bio    analysis ethereum predictions app tool,0,0,0,0,-0.3397,"Sentiment(polarity=0.5625, subjectivity=0.5)",-0.89
19,19,2022-09-14 21:00:03+00:00,https://twitter.com/RetrospectApps/status/1570155439588876289,RetrospectApps,Retrospect Tweets,Crypto Space, hourly eth update   1601.03$ | -0.93% -score -7.58609809264305 market view: -4.5  24h: somewhat bearish   follow for more! more info in bio    analysis ethereum predictions app tool,1,0,0,1,-0.3397,"Sentiment(polarity=0.5625, subjectivity=0.5)",-0.45
647,647,2022-09-09 07:00:10+00:00,https://twitter.com/RetrospectApps/status/1568132135478861826,RetrospectApps,Retrospect Tweets,Crypto Space, hourly eth update   1710.64$ | 5.2% -score -12.288364295125165 market view: -1.65  24h: somewhat bullish   follow for more! more info in bio    analysis ethereum predictions app tool,1,0,0,0,-0.3397,"Sentiment(polarity=0.5625, subjectivity=0.5)",0.14176364295125166
568,568,2022-09-10 01:00:13+00:00,https://twitter.com/RetrospectApps/status/1568403940756320257,RetrospectApps,Retrospect Tweets,Crypto Space, hourly eth update   1716.7$ | 4.63% -score -37.188242424242425 market view: -0.85  24h: somewhat bullish   follow for more! more info in bio    analysis ethereum predictions app tool,0,0,0,1,-0.3397,"Sentiment(polarity=0.5625, subjectivity=0.5)",-0.85
161,161,2022-09-13 20:00:04+00:00,https://twitter.com/RetrospectApps/status/1569777954779004931,RetrospectApps,Retrospect Tweets,Crypto Space, hourly eth update   1602.74$ | -7.21% -score -16.52444308409853 market view: -8.0  24h: somewhat bullish   follow for more! more info in bio    analysis ethereum predictions app tool,0,0,0,0,-0.3397,"Sentiment(polarity=0.5625, subjectivity=0.5)",-0.8
447,447,2022-09-11 12:00:04+00:00,https://twitter.com/RetrospectApps/status/1568932385126858754,RetrospectApps,Retrospect Tweets,Crypto Space, hourly eth update   1769.29$ | 2.5% -score -9.455766513056835 market view: -4.88  24h: somewhat bullish   follow for more! more info in bio    analysis ethereum predictions app tool,0,0,0,0,-0.3397,"Sentiment(polarity=0.5625, subjectivity=0.5)",0.11455766513056835
706,706,2022-09-08 17:00:35+00:00,https://twitter.com/RetrospectApps/status/1567920848631103488,RetrospectApps,Retrospect Tweets,Crypto Space, hourly eth update   1635.57$ | 8.04% -score -12.602509984639017 market view: -3.33  24h: somewhat bullish   follow for more! more info in bio    analysis ethereum predictions app tool,0,0,0,0,-0.3397,"Sentiment(polarity=0.5625, subjectivity=0.5)",0.46
695,695,2022-09-08 18:00:05+00:00,https://twitter.com/RetrospectApps/status/1567935823307280385,RetrospectApps,Retrospect Tweets,Crypto Space, hourly eth update   1629.64$ | 3.97% -score -11.475645116371593 market view: -0.33  24h: somewhat bullish   follow for more! more info in bio    analysis ethereum predictions app tool,0,0,0,0,-0.3397,"Sentiment(polarity=0.5625, subjectivity=0.5)",0.33
554,554,2022-09-10 06:00:03+00:00,https://twitter.com/RetrospectApps/status/1568479397287428098,RetrospectApps,Retrospect Tweets,Crypto Space, hourly eth update   1734.66$ | 1.71% -score -10.3203202247191 market view: -4.88  24h: somewhat bullish   follow for more! more info in bio    analysis ethereum predictions app tool,0,0,0,0,-0.3397,"Sentiment(polarity=0.5625, subjectivity=0.5)",0.5
502,502,2022-09-10 20:00:04+00:00,https://twitter.com/RetrospectApps/status/1568690793875128321,RetrospectApps,Retrospect Tweets,Crypto Space, hourly eth update   1739.99$ | 1.2% -score -7.992195045695046 market view: -1.76  24h: somewhat bullish   follow for more! more info in bio    analysis ethereum predictions app tool,0,0,0,2,-0.3397,"Sentiment(polarity=0.5625, subjectivity=0.5)",0.21
655,655,2022-09-09 04:00:08+00:00,https://twitter.com/RetrospectApps/status/1568086829873643520,RetrospectApps,Retrospect Tweets,Crypto Space, hourly eth update   1668.07$ | 2.35% -score -14.009768757687578 market view: -4.57  24h: somewhat bullish   follow for more! more info in bio    analysis ethereum predictions app tool,0,0,0,0,-0.3397,"Sentiment(polarity=0.5625, subjectivity=0.5)",0.14009768757687577
488,488,2022-09-10 23:00:04+00:00,https://twitter.com/RetrospectApps/status/1568736091594981377,RetrospectApps,Retrospect Tweets,Crypto Space, hourly eth update   1777.21$ | 3.23% -score -6.554454545454545 market view: -0.65  24h: somewhat bullish   follow for more! more info in bio    analysis ethereum predictions app tool,0,0,0,0,-0.3397,"Sentiment(polarity=0.5625, subjectivity=0.5)",-0.65
140,140,2022-09-13 23:00:04+00:00,https://twitter.com/RetrospectApps/status/1569823254998573056,RetrospectApps,Retrospect Tweets,Crypto Space, hourly eth update   1588.65$ | -6.94% -score -14.282180778032036 market view: -5.25  24h: somewhat bullish   follow for more! more info in bio    analysis ethereum predictions app tool,0,0,0,0,-0.3397,"Sentiment(polarity=0.5625, subjectivity=0.5)",-0.8
657,657,2022-09-09 03:00:03+00:00,https://twitter.com/RetrospectApps/status/1568071710804525057,RetrospectApps,Retrospect Tweets,Crypto Space, hourly eth update   1640.83$ | 0.81% -score -13.57448895064179 market view: -4.55  24h: somewhat bullish   follow for more! more info in bio    analysis ethereum predictions app tool,0,0,0,1,-0.3397,"Sentiment(polarity=0.5625, subjectivity=0.5)",0.81
133,133,2022-09-14 01:00:04+00:00,https://twitter.com/RetrospectApps/status/1569853454629195778,RetrospectApps,Retrospect Tweets,Crypto Space, hourly eth update   1570.67$ | -7.0% -score -42.48593181818182 market view: -1.92  24h: bullish   follow for more! more info in bio    analysis ethereum predictions app tool,0,0,0,1,-0.3397,"Sentiment(polarity=0.5625, subjectivity=0.5)",-1.0
658,658,2022-09-09 02:00:06+00:00,https://twitter.com/RetrospectApps/status/1568056623683321856,RetrospectApps,Retrospect Tweets,Crypto Space, hourly eth update   1634.18$ | 0.95% -score -12.785700898587933 market view: -1.75  24h: somewhat bullish   follow for more! more info in bio    analysis ethereum predictions app tool,0,0,0,1,-0.3397,"Sentiment(polarity=0.5625, subjectivity=0.5)",0.95
188,188,2022-09-13 16:00:10+00:00,https://twitter.com/RetrospectApps/status/1569717584664170496,RetrospectApps,Retrospect Tweets,Crypto Space, hourly eth update   1593.62$ | -7.18% -score -14.56771572871573 market view: -0.02  24h: somewhat bullish   follow for more! more info in bio    analysis ethereum predictions app tool,0,0,0,0,-0.3397,"Sentiment(polarity=0.5625, subjectivity=0.5)",-0.02
693,693,2022-09-08 19:00:06+00:00,https://twitter.com/RetrospectApps/status/1567950923774758923,RetrospectApps,Retrospect Tweets,Crypto Space, hourly eth update   1633.43$ | 4.14% -score -11.56567701863354 market view: -0.14  24h: somewhat bullish   follow for more! more info in bio    analysis ethereum predictions app tool,0,0,0,0,-0.3397,"Sentiment(polarity=0.5625, subjectivity=0.5)",0.14
746,746,2022-09-08 11:00:10+00:00,https://twitter.com/RetrospectApps/status/1567830146018574337,RetrospectApps,Retrospect Tweets,Crypto Space, hourly eth update   1633.04$ | 7.87% -score -12.406178054120721 market view: -1.42  24h: somewhat bullish   follow for more! more info in bio    analysis ethereum predictions app tool,0,0,0,1,-0.3397,"Sentiment(polarity=0.5625, subjectivity=0.5)",0.14
399,399,2022-09-11 21:00:03+00:00,https://twitter.com/RetrospectApps/status/1569068277053153280,RetrospectApps,Retrospect Tweets,Crypto Space, hourly eth update   1755.63$ | 1.37% -score -7.757469387755101 market view: -1.37  24h: somewhat bullish   follow for more! more info in bio    analysis ethereum predictions app tool,0,0,0,0,-0.3397,"Sentiment(polarity=0.5625, subjectivity=0.5)",0.14246938775510104
224,224,2022-09-13 11:00:11+00:00,https://twitter.com/RetrospectApps/status/1569642088806875139,RetrospectApps,Retrospect Tweets,Crypto Space, hourly eth update   1734.53$ | -0.69% -score -16.625809480026927 market view: -3.35  24h: somewhat bullish   follow for more! more info in bio    analysis ethereum predictions app tool,0,0,0,1,-0.3397,"Sentiment(polarity=0.5625, subjectivity=0.5)",-0.35
829,829,2022-09-08 05:00:20+00:00,https://twitter.com/RetrospectApps/status/1567739592240992256,RetrospectApps,Retrospect Tweets,Crypto Space, hourly eth update   1643.12$ | 8.57% -score -16.164356804601866 market view: -2.19  24h: somewhat bullish   follow for more! more info in bio    analysis ethereum predictions app tool,0,0,0,0,-0.3397,"Sentiment(polarity=0.5625, subjectivity=0.5)",0.819
249,249,2022-09-13 06:00:34+00:00,https://twitter.com/RetrospectApps/status/1569566687170543617,RetrospectApps,Retrospect Tweets,Crypto Space, hourly eth update   1717.42$ | -0.53% -score -15.570847826086956 market view: -1.0  24h: somewhat bullish   follow for more! more info in bio    analysis ethereum predictions app tool,0,0,0,0,-0.3397,"Sentiment(polarity=0.5625, subjectivity=0.5)",-0.15
406,406,2022-09-11 20:00:05+00:00,https://twitter.com/RetrospectApps/status/1569053184261296129,RetrospectApps,Retrospect Tweets,Crypto Space, hourly eth update   1763.69$ | 1.36% -score -19.592204887218045 market view: -0.19  24h: somewhat bullish   follow for more! more info in bio    analysis ethereum predictions app tool,0,0,0,0,-0.3397,"Sentiment(polarity=0.5625, subjectivity=0.5)",0.19
417,417,2022-09-11 18:00:05+00:00,https://twitter.com/RetrospectApps/status/1569022985570328582,RetrospectApps,Retrospect Tweets,Crypto Space, hourly eth update   1780.42$ | 3.41% -score -10.830511627906976 market view: -7.2  24h: somewhat bullish   follow for more! more info in bio    analysis ethereum predictions app tool,0,0,0,0,-0.3397,"Sentiment(polarity=0.5625, subjectivity=0.5)",0.212768115942029
877,877,2022-09-07 19:51:59+00:00,https://twitter.com/0xNikvulpieth/status/1567601596242034688,0xNikvulpieth,Twitter Web App,Twitter,"my job is so fragile, and i want to outdo my family. a crash course in swell meetings, bro. eth",0,0,0,0,-0.34,"Sentiment(polarity=0.0, subjectivity=0.5)",0.2
886,886,2022-09-07 18:10:19+00:00,https://twitter.com/TheCryptoStream/status/1567576011050459139,TheCryptoStream,Twitter Web App,The Metaverse,breaking news - saitama token ama with mr. big whale - bullish  via      saitamaeffect saitama saitamawolfpack saitapro epayme defi eth 1000xgem saitamawolfpack saitamatechnologyllc wearesaitama themerge mrbigwhale,1,1,0,2,-0.34,"Sentiment(polarity=0.0, subjectivity=0.1)",0.8
885,885,2022-09-07 18:10:37+00:00,https://twitter.com/thatcryptoguy21/status/1567576085084217344,thatcryptoguy21,Twitter Web App,,breaking news - saitama token ama with mr. big whale - bullish  via    saitamaeffect saitama saitamawolfpack saitapro epayme defi eth 1000xgem saitamawolfpack saitamatechnologyllc wearesaitama themerge mrbigwhale,1,0,0,0,-0.34,"Sentiment(polarity=0.0, subjectivity=0.1)",0.8
44,44,2022-09-14 18:27:24+00:00,https://twitter.com/RgCryptotrade/status/1570117025174806532,RgCryptotrade,Twitter Web App,France,"je vous rajoute l'volution du prix d'ethereum en 1h.  une belle zone de combat s'est installe juste au-dessus des niveaux cls. aucun signe de dynamique haussire, par consquent le scnario bearish d'hier est d'actualit. ethereummerge  eth ",1,0,0,1,-0.34,"Sentiment(polarity=0.0, subjectivity=0.0)",0.2
546,546,2022-09-10 09:19:14+00:00,https://twitter.com/Daniel89679730/status/1568529520944205824,Daniel89679730,Twitter for Android,Schweiz,"$fra chart looks very bullish. if you are not familiar with this project, you should find out more about it   ethereum eth layer1 evm ethereummerge findora zeroknowledge zkrollup ethereumprivacy crypto blockchain ",0,0,0,3,-0.34,"Sentiment(polarity=0.1708333333333333, subjectivity=0.43333333333333335)",0.8
362,362,2022-09-12 08:45:51+00:00,https://twitter.com/mrventuresnft/status/1569245894624821254,mrventuresnft,Twitter for iPhone,Blockchain, land coming in less then 6 hours  hold 1 citizen to claim 1 land. delisting is going crazy brrrrrrrrrr  lfg earthquake nftcommunity bullish eth cryptonews delist and stake ,66,30,1,6,-0.34,"Sentiment(polarity=-0.3833333333333333, subjectivity=0.48333333333333334)",0.5
717,717,2022-09-08 14:12:35+00:00,https://twitter.com/kalimber19/status/1567878569346359296,kalimber19,Twitter for iPhone,," take a look at akiyoshi, this chart is about to explode   around 350k mcap right now  ryoshi related. $aki aki  eth ",2,0,0,2,-0.34,"Sentiment(polarity=0.14285714285714285, subjectivity=0.46785714285714286)",0.5
935,935,2022-09-07 09:06:37+00:00,https://twitter.com/Batzwayz/status/1567439183140065280,Batzwayz,Twitter Web App,,_matysiak _news eth licz na atak na 1420 i crash pozycja zabezpieczona :) teraz tylko cierpliwo - ''it was never my thinking that made the big money for me. it wass always my sitting''. (tak wiem e maa pozycja ale poka swoj jak masz problem) ,0,0,0,0,-0.34,"Sentiment(polarity=0.25, subjectivity=0.55)",0.2
403,403,2022-09-11 20:19:31+00:00,https://twitter.com/btcistrust/status/1569058077130870785,btcistrust,Twitter for Android,CRYPTO WOLD,buckle up for the incoming volatile week  sep 13 - cpi data (assumed to be bearish)  sep 15 - eth merge (assumed to be bullish)  sep 16 - mt. gox claims deadline (assumed to be bearish) ,0,0,0,0,-0.34,"Sentiment(polarity=0.0, subjectivity=0.0)",0.33
508,508,2022-09-10 18:44:30+00:00,https://twitter.com/kevincrates_/status/1568671773889273856,kevincrates_,Twitter Web App,,"$eth + $btc slowing down at this range. $eth needs to break above kumocloud(1769) for this market to climb. market is over extended, and my twitter feed is aggressively bullish.  gaps down are open (eth 1659 btc 20.5k)for a fast flush of aggressive longs. trade carefully.  eth ",16,7,1,2,-0.34,"Sentiment(polarity=-0.035185185185185194, subjectivity=0.46296296296296297)",0.2
392,392,2022-09-11 23:41:12+00:00,https://twitter.com/thisisksa/status/1569108831497777153,thisisksa,Twitter for iPhone,,buckle up for the incoming volatile week  sep 13 - cpi data (assumed to be bearish)  sep 15 - eth merge (assumed to be bullish)  sep 16 - mt. gox claims deadline (assumed to be bearish) tradewithksa learnwithksa eth btcusdt nfts ,7,3,0,2,-0.34,"Sentiment(polarity=0.0, subjectivity=0.0)",0.25
592,592,2022-09-09 19:27:44+00:00,https://twitter.com/Ada28587778/status/1568320268728164352,Ada28587778,Twitter for Android,, i'm bullish  zukuverse enterthejungle zuku eth nftcommunity  ,2,0,0,1,-0.34,"Sentiment(polarity=0.0, subjectivity=0.0)",0.8
596,596,2022-09-09 19:00:02+00:00,https://twitter.com/TheCryptoStream/status/1568313298881126400,TheCryptoStream,Twitter Web App,The Metaverse,saitama in the mainstream media - saitapro news bullish  via    saitamaeffect saitama saitamawolfpack saitapro epayme defi eth 1000xgem saitamatechnologyllc wearesaitama marketwatch,4,4,1,1,-0.34,"Sentiment(polarity=0.0, subjectivity=0.0)",0.7
684,684,2022-09-08 20:32:45+00:00,https://twitter.com/EmpTy85404288/status/1567974242645311491,EmpTy85404288,Twitter Web App,"Canada, Eh",don't sleep on $bsd based. 100$ for a max wallet how can you go wrong.  just looking at all the names in the telegram already is bullish af. 277 members and growing steady    eth gem lowcapgem ,3,1,0,3,-0.34,"Sentiment(polarity=-0.16666666666666669, subjectivity=0.7)",0.8
497,497,2022-09-10 21:54:31+00:00,https://twitter.com/sailortrades/status/1568719596428877829,sailortrades,Twitter Web App,,eth daily   squeeze breakout green arros green dots still below track line with bearish bars.  ethereum crypto ,6,3,0,1,-0.34,"Sentiment(polarity=-0.13333333333333333, subjectivity=0.19999999999999998)",-0.5
268,268,2022-09-13 02:31:44+00:00,https://twitter.com/FXScrypto/status/1569514136366682113,FXScrypto,Hootsuite Inc.,,ethereum prevented a dip below the threshold after the august dip despite the crippling fear of a crash in the market   eth crypto $ethereum $ethusd,1,0,0,3,-0.3553,"Sentiment(polarity=0.0, subjectivity=0.0)",0.4
208,208,2022-09-13 13:41:35+00:00,https://twitter.com/chubbykoda/status/1569682706367418368,chubbykoda,Twitter for iPhone,Otherside,so were no longer bullish on the eth merge? ,0,0,0,1,-0.3566,"Sentiment(polarity=0.0, subjectivity=0.0)",0.2
967,967,2022-09-07 02:12:37+00:00,https://twitter.com/TheCryptoAcadLb/status/1567334998239223808,TheCryptoAcadLb,Twitter for Android,Overseas ,"eth price update:   the breakout that followed the consolidation phase, headed ethereum's price action to the resistance level of $1,700  that being said, the bullish momentum was gained, not for long before the effects of the worldwide economic crisis stepped in again. ",0,0,0,0,-0.3612,"Sentiment(polarity=0.08333333333333333, subjectivity=0.2333333333333333)",0.5
183,183,2022-09-13 16:39:13+00:00,https://twitter.com/CryptusMedia/status/1569727412237115395,CryptusMedia,Twitter Web App,Web3,"[15/31] the ice age   the difficulty bomb will finally explode, and pow mining will grind to a halt and freeze   btw thanks to _tomar from  for a brief explanation of  performance about post-merge eth during ethcc 5 ",10,2,0,1,-0.3612,"Sentiment(polarity=0.06666666666666667, subjectivity=0.5111111111111111)",0.5
290,290,2022-09-12 22:00:43+00:00,https://twitter.com/TA_CryptoTrades/status/1569445930642083841,TA_CryptoTrades,Twitter Web App,charts,"as long as eth holds this line heading towards cpi, im bullish. if it breaks i switch my narrative. if 1680 holds minutes before cpi announcement im longing with tight sl below if not and the line breaks i immediately reverse short. overall its not looking good. ",1,0,1,0,-0.3624,"Sentiment(polarity=0.09428571428571428, subjectivity=0.31714285714285717)",-0.3
923,923,2022-09-07 12:30:11+00:00,https://twitter.com/TheBullishMoon/status/1567490411609849858,TheBullishMoon,Twitter for Android,Web 3.0,"as i said yesterday, ethereum broke down to $1.5k, following the bearish wedge pattern.  now, eth is currently testing the support at $1.5k.   if it breaks through,we could see a drop all the way to $1.4k and even lower to $1k!  if it breaks through that as well!  but! ",2,1,1,2,-0.3666,"Sentiment(polarity=-0.051851851851851864, subjectivity=0.262962962962963)",-0.5
213,213,2022-09-13 12:50:57+00:00,https://twitter.com/AmoxidEth/status/1569669966051348480,AmoxidEth,Twitter Web App,Metaverse, my last eth nft im bullish on makes some dope shit !   after 1 year building some really cool stuff popping up every day !,2,1,0,0,-0.38,"Sentiment(polarity=0.0625, subjectivity=0.5055555555555555)",0.8
201,201,2022-09-13 14:09:59+00:00,https://twitter.com/WiseAnalyze/status/1569689853993930755,WiseAnalyze,Twitter Web App,,ethereum dumped directly to july vah. potentially may see it at developing quarter vwap around 1555. remember - market crash is an opportunity to buy. just wait for bearish momentum to slow down.  eth $eth cryptocurrency ,8,0,0,1,-0.3818,"Sentiment(polarity=-0.0888888888888889, subjectivity=0.5222222222222221)",0.25
429,429,2022-09-11 15:45:23+00:00,https://twitter.com/CryptoSignalMs/status/1568989088287449090,CryptoSignalMs,Zapier.com,, eth - signal our analysis shows a bullish buying signal for $eth at price 1765.93714546754    retweet if you're not selling!   get these signals:  ,0,0,0,0,-0.4003,"Sentiment(polarity=0.0, subjectivity=0.0)",0.8
716,716,2022-09-08 14:13:11+00:00,https://twitter.com/kalimber19/status/1567878722501345281,kalimber19,Twitter for iPhone,," take a look at akiyoshi, this chart is about to explode   around 350k mcap right now  ryoshi related.  0 taxes! $aki aki  eth ",0,0,0,0,-0.4003,"Sentiment(polarity=0.14285714285714285, subjectivity=0.46785714285714286)",0.5
989,989,2022-09-06 20:19:20+00:00,https://twitter.com/DerShrink/status/1567246088456863745,DerShrink,Twitter for Android,Decentralized,_worf   so bullish on $kazu  and its pob dao protocol! 1000xgem hiddengem erc20 eth usdc staking ,2,0,0,0,-0.4003,"Sentiment(polarity=0.0, subjectivity=0.0)",0.8
82,82,2022-09-14 13:05:24+00:00,https://twitter.com/kratos_harmony/status/1570035988340310017,kratos_harmony,Twitter for iPhone,"California, US",ethereum merge is here ( 0days16hrs17mins- estimated based on difficulty and hash rate)   is switching to proof of stake! bullish news for pos blockchain  $one harmonyone crypto eth ethmerge ,17,1,0,6,-0.4003,"Sentiment(polarity=0.0, subjectivity=0.0)",0.8
726,726,2022-09-08 12:32:16+00:00,https://twitter.com/enzo305eth/status/1567853323687952386,enzo305eth,Twitter for iPhone,"Tampa, FL", and  is starting the next bull cycle. lets see what happens after the eth merge. bullish asf! ,1,0,0,0,-0.4003,"Sentiment(polarity=0.0, subjectivity=0.05)",0.8
715,715,2022-09-08 14:13:26+00:00,https://twitter.com/kalimber19/status/1567878782152851458,kalimber19,Twitter for iPhone,," take a look at akiyoshi, this chart is about to explode   around 350k mcap right now  ryoshi related.  0 taxes! $aki aki  eth ",0,0,0,0,-0.4003,"Sentiment(polarity=0.14285714285714285, subjectivity=0.46785714285714286)",0.5
115,115,2022-09-14 05:53:29+00:00,https://twitter.com/ConfessionsFR/status/1569927295779115008,ConfessionsFR,Twitter for Android,Paris ,j'ai investi 16 k  sur $eth en dca durant le crash covid.  anecdotes crypto confessions cryptomonnaies eth dca covid ,295,21,0,27,-0.4019,"Sentiment(polarity=0.0, subjectivity=0.0)",0.5
116,116,2022-09-14 05:20:35+00:00,https://twitter.com/JuanChavMaci/status/1569919014935330818,JuanChavMaci,dlvr.it,"Queretaro, Mexico","ethereum corrected lower below $1,650 against the us dollar. eth must stay above the $1,550 support zone to avoid a sharp bearish reversal. ethereum started a key downside correction and traded below the $1,650 level. the price is now trading below $1,650 and the 100 eth ",0,0,0,1,-0.4019,"Sentiment(polarity=-0.041666666666666664, subjectivity=0.6166666666666667)",-0.5
591,591,2022-09-09 19:47:03+00:00,https://twitter.com/Cryptoprenure/status/1568325131084374016,Cryptoprenure,dlvr.it,,"why the ethereum price could rally above $1,800 before a big crash  ethereum eth",0,0,0,1,-0.4019,"Sentiment(polarity=0.0, subjectivity=0.1)",0.2
112,112,2022-09-14 06:38:04+00:00,https://twitter.com/Schwung_sol/status/1569938512342032386,Schwung_sol,Twitter Web App,,"ethusdt perpetual contract (tv)- after the big crash yesterday, trying to test the new resistance of 1627.75 - potential gap up once breach resistance. eth bybit cpiinflation cryptocrash  * this is based on my own research, not a buy call, nfa dyor. ",1,0,0,3,-0.4019,"Sentiment(polarity=0.18409090909090908, subjectivity=0.6386363636363637)",0.5
590,590,2022-09-09 19:48:33+00:00,https://twitter.com/Coinboard/status/1568325505165967361,Coinboard,dlvr.it,"London, United Kingdom","why the ethereum price could rally above $1,800 before a big crash  ethereum eth ethereum ethusdt",0,0,0,1,-0.4019,"Sentiment(polarity=0.0, subjectivity=0.1)",0.25
626,626,2022-09-09 13:05:26+00:00,https://twitter.com/CryptoLunatix/status/1568224059833597952,CryptoLunatix,Twitter for iPhone,Moon ,"ethereum heading into major resistance just in time for the cpi announcement and the completion of ethereummerge next week   the trend is still bearish imo, eth can easily retest the 1k levels, worst case scenario would be tapping into $500 range  ",0,0,0,1,-0.4019,"Sentiment(polarity=-0.12604166666666666, subjectivity=0.5833333333333334)",-0.5
580,580,2022-09-09 22:09:28+00:00,https://twitter.com/CruelCrypto/status/1568360967322353665,CruelCrypto,Twitter for Android,, it says on the official ethereum eth merge website that nothing noticeable will happen with the merge. you won't even know the merge is happening. nothing will feel different to the regular trader/investor before or after the merge. don't know why people calling for crash.,0,0,0,0,-0.4019,"Sentiment(polarity=0.0, subjectivity=0.3384615384615385)",0.2
589,589,2022-09-09 19:48:33+00:00,https://twitter.com/CappcoinsCrypto/status/1568325505677672448,CappcoinsCrypto,dlvr.it,"Brisbane, Australia","why the ethereum price could rally above $1,800 before a big crash  ethereum eth ethereum",0,0,0,1,-0.4019,"Sentiment(polarity=0.0, subjectivity=0.1)",0.2
100,100,2022-09-14 09:54:53+00:00,https://twitter.com/TheCryptopion/status/1569988046317318147,TheCryptopion,Twitter Web App,Singapore,the merge crash eth ethereum,1,0,0,1,-0.4019,"Sentiment(polarity=0.0, subjectivity=0.0)",-0.5
577,577,2022-09-09 22:42:36+00:00,https://twitter.com/wealthmonks/status/1568369307448651778,wealthmonks,FullStackChimps,Join our telegram channel üëâ,"why the ethereum price could rally above $1,800 before a big crash ethereum eth ethereum ethusdt ",0,0,0,0,-0.4019,"Sentiment(polarity=0.0, subjectivity=0.1)",0.2
669,669,2022-09-08 23:28:05+00:00,https://twitter.com/bitnnock/status/1568018365012398081,bitnnock,Twitter for iPhone, ô ü·¥è·¥Ñ·¥ã·¥Ñ ú·¥Ä…™…¥,these 5 cryptos are set to rocket higher after the bitcoin crash lunc eth ibat ,3,0,0,0,-0.4019,"Sentiment(polarity=0.25, subjectivity=0.5)",0.5
944,944,2022-09-07 06:47:35+00:00,https://twitter.com/DeFiHedgehog/status/1567404192578555908,DeFiHedgehog,dlvr.it,Foraging alpha nuggetsüåü,"after bitcoin and ethereum prices crash, crypto winter now hangs in the balance, says this expert - nextadvisor  ethereum eth",0,0,0,1,-0.4019,"Sentiment(polarity=0.0, subjectivity=0.0)",0.25
819,819,2022-09-08 06:35:36+00:00,https://twitter.com/JetkingLtd/status/1567763567751081985,JetkingLtd,Twitter Web App,India,"once the ethereum merge completes, will the price pump or will it crash?  cryptocurrency crypto ethereum eth ethereummerge ethmerge $eth",1,2,0,2,-0.4019,"Sentiment(polarity=0.0, subjectivity=0.0)",0.25
828,828,2022-09-08 05:22:06+00:00,https://twitter.com/DeFiHedgehog/status/1567745068416774144,DeFiHedgehog,dlvr.it,Foraging alpha nuggetsüåü,"bitcoin ($btc)  bitcoin, ethereum lead $364m crypto liquidations amid market crash - benzinga  ethereum eth",0,0,0,1,-0.4019,"Sentiment(polarity=0.0, subjectivity=0.0)",-0.5
326,326,2022-09-12 15:40:59+00:00,https://twitter.com/CRYPTOPIN100/status/1569350369020452865,CRYPTOPIN100,Twitter for Android,Romania,"daca eth ar face un flash crash, sub $1500, ce faci?",2,1,1,2,-0.4019,"Sentiment(polarity=0.0, subjectivity=0.0)",-0.5
800,800,2022-09-08 10:13:59+00:00,https://twitter.com/tuhlee4021/status/1567818525095378945,tuhlee4021,Twitter for iPhone,,"more details will come shortly on the custom idol, jump into the discord for further discussion.  guardiansofethereum merge ethereum eth bullish nftcommunity ethereummerge ethmerge ethmergeart nfts",3,0,0,1,-0.4019,"Sentiment(polarity=0.16666666666666666, subjectivity=0.43333333333333335)",0.0
587,587,2022-09-09 19:48:37+00:00,https://twitter.com/bitbangprofits/status/1568325522018701312,bitbangprofits,dlvr.it,Worldwide,"why the ethereum price could rally above $1,800 before a big crash  ethereum eth ethereum ",0,0,0,1,-0.4019,"Sentiment(polarity=0.0, subjectivity=0.1)",0.2
588,588,2022-09-09 19:48:34+00:00,https://twitter.com/dumbwire/status/1568325509276368896,dumbwire,dlvr.it,"Houston, TX","ethereum eth ethereum ethusdt why the ethereum price could rally above $1,800 before a big crash  -  ",0,0,0,1,-0.4019,"Sentiment(polarity=0.0, subjectivity=0.1)",0.2
370,370,2022-09-12 07:02:42+00:00,https://twitter.com/bagheeraclub/status/1569219937608024065,bagheeraclub,Twitter for iPhone,,"conseil du jour: vendez vos nft pre reveal.  tous les projets crash post reveal. mme si parfois la demande est assez forte pour surpasser les listings et faire remonter le fp, 99% du temps vous serez du de ne pas avoir vendu avant.   eth web3 strategies investissement",11,7,0,0,-0.4019,"Sentiment(polarity=0.0, subjectivity=0.0)",-0.5
149,149,2022-09-13 21:30:15+00:00,https://twitter.com/zerosumtrayder/status/1569800653517602823,zerosumtrayder,Twitter for iPhone,London,eth could move in two different ways: move 1: it breaks out from macro descending wedge. move 2: it dumps off resistance then bounces off descending wedge bottom line then breaks out. ultimately imo it makes a bullish move into next year. bullish on $eth ,1,0,0,1,-0.4019,"Sentiment(polarity=0.0, subjectivity=0.5333333333333333)",0.8
903,903,2022-09-07 15:49:36+00:00,https://twitter.com/johnmorganFL/status/1567540598508331010,johnmorganFL,Twitter Web App,"For now, Earth",crypto flipsider news  crypto market crash; eth falls 10%; ripple cbdc news; kyber hack update; brazil crypto investors  ,0,0,0,0,-0.4019,"Sentiment(polarity=0.0, subjectivity=0.0)",0.2
159,159,2022-09-13 20:14:30+00:00,https://twitter.com/RRtiger_vzla/status/1569781590347202561,RRtiger_vzla,Twitter for Android,venezuela,dato .  apple  y microsoft  registran la mayor perdida en un dia desde septiembre del 2020..   palo y palo.   btcusdt eth crash ,0,0,0,1,-0.4019,"Sentiment(polarity=0.0, subjectivity=0.0)",-0.5
894,894,2022-09-07 17:14:48+00:00,https://twitter.com/Mal_ComeUp/status/1567562038984974338,Mal_ComeUp,Twitter for Android,"„ÄÄÊù±‰∫¨, Yokohama, NYC, London",ethereum $eth merge is gonna crash price of ethereum  1: miners migrate sell eth from pow to pos or to $etc etc   2: ethreum 32 eth stakers may be allowed to sell their eth for real life usage.  3: dapps dedges dexes also have to adjust,3,0,0,2,-0.4019,"Sentiment(polarity=0.2, subjectivity=0.30000000000000004)",-0.5
410,410,2022-09-11 19:50:44+00:00,https://twitter.com/Azthork/status/1569050830770249731,Azthork,Twitter for Android,,"3 days, 9 hours and 24 minutes for the ethereum after-merge crash. $eth eth crypto ",2,0,1,1,-0.4019,"Sentiment(polarity=0.0, subjectivity=0.0)",0.2
842,842,2022-09-08 03:29:56+00:00,https://twitter.com/BitCheckerLTD/status/1567716843410067457,BitCheckerLTD,Twitter Web App,Cryptoverse,cryptotrends   crypto market crash; eth falls 10%; ripple cbdc news; kyber hack update; brazil crypto investors   ,0,0,0,0,-0.4019,"Sentiment(polarity=0.0, subjectivity=0.0)",0.2
74,74,2022-09-14 14:53:15+00:00,https://twitter.com/SnoopMinerETH/status/1570063131279347713,SnoopMinerETH,Twitter for iPhone,,it will be bullish as metaminer is going to change the crypto world as we have nfts that will mine eth and we are headed to the metaverse in a couple weeks.  our bluechipnft partners  and we are embarking on a powerhouse of a journey!  dont miss it!!!! ,11,8,0,5,-0.4153,"Sentiment(polarity=0.0, subjectivity=0.0)",0.9
308,308,2022-09-12 18:26:14+00:00,https://twitter.com/legionario_de/status/1569391952742825990,legionario_de,Twitter for Android,,hay un tapn en 1750 q no le deja subir al eth reventar? as lleva todo el santo da!!,1,0,0,0,-0.4184,"Sentiment(polarity=0.0, subjectivity=0.0)",-0.5
811,811,2022-09-08 08:32:48+00:00,https://twitter.com/sailortrades/status/1567793059152203777,sailortrades,Twitter Web App,,ethereum 1h  confirmed reversal but still above track line with bullish bars. no dots atm.  eth ,2,0,0,0,-0.4215,"Sentiment(polarity=0.2, subjectivity=0.55)",0.7
137,137,2022-09-14 00:09:43+00:00,https://twitter.com/Macks_World781/status/1569840782022184960,Macks_World781,Twitter for Android,,cryptocrash you see a crash i see a chance to get it at a low price. eth merge is in days.,20,1,0,8,-0.4215,"Sentiment(polarity=0.0, subjectivity=0.3)",0.5
281,281,2022-09-12 23:38:53+00:00,https://twitter.com/TA_CryptoTrades/status/1569470637336571910,TA_CryptoTrades,Twitter for Android,charts,"i suggest no one trade this eth volatility. wait until tomorrow cpi. 8.1 expect. if it comes below 8 it's gonna be a massive rally. above and everything crashes down. although eth looks bearish rn, it's not worth the gamble.",0,0,0,0,-0.434,"Sentiment(polarity=-0.0763888888888889, subjectivity=0.3722222222222223)",-0.5
815,815,2022-09-08 07:56:44+00:00,https://twitter.com/Wout93495937/status/1567783982485364736,Wout93495937,Twitter Web App,,_crypto  _ether     _bitlord7  $hext is a gem so lucky we found it early! i'm super-bullish ngl  hextama $hext $tsuka saitama saitamawolfpack hextamawolfpack uniswapgem eth,1,0,0,0,-0.4359,"Sentiment(polarity=0.22916666666666666, subjectivity=0.5666666666666667)",0.8
972,972,2022-09-07 01:15:54+00:00,https://twitter.com/krziwon/status/1567320723827429379,krziwon,Twitter for iPhone,,"look at   team is heavily working! staking $spunk and 3dnfts will be extraordinary, teaser of the p2e game will be released very soonbullish af dont miss crypto eth unrealengine5  _nft    ",8,6,0,2,-0.4389,"Sentiment(polarity=-0.029166666666666674, subjectivity=0.5499999999999999)",0.8
165,165,2022-09-13 19:44:58+00:00,https://twitter.com/nilesh_rohilla/status/1569774158258765827,nilesh_rohilla,Twitter Web App,,"one big event closed, cpi data crash market badly but another big event of crypto with in 33hrs and it is much bigger than cpi data.  eye on eth merge.  eth ethmerge ethereum pow pos ",2,0,0,4,-0.4404,"Sentiment(polarity=-0.15999999999999998, subjectivity=0.29333333333333333)",0.5
328,328,2022-09-12 15:27:02+00:00,https://twitter.com/Adaminvestin/status/1569346856987279361,Adaminvestin,Twitter Web App,  ,eth will explode ! all analysis lead to same scenario !  ethereum merge is on high expectations crypto is hot these days ,0,0,0,1,-0.4559,"Sentiment(polarity=0.1366666666666667, subjectivity=0.505)",0.8
305,305,2022-09-12 19:03:39+00:00,https://twitter.com/Berkshirecoin/status/1569401372361035776,Berkshirecoin,Twitter for Android,,the crash is coming! eth inflation cpi ,6,0,0,1,-0.4574,"Sentiment(polarity=0.0, subjectivity=0.0)",-1.0
607,607,2022-09-09 16:33:40+00:00,https://twitter.com/XForceGlobal/status/1568276462347894791,XForceGlobal,Twitter Web App,Location: Your Heart,"$eth shorter timeframe analysis  looking at a few possibilities of how eth could be playing out over the course of the next few weeks. sadly, most of them just lead to the same ultimatum of a downside. this is why you can be bullish in the short term and bearish in the mid term. ",42,7,0,8,-0.4588,"Sentiment(polarity=0.014285714285714282, subjectivity=0.16071428571428573)",0.2
187,187,2022-09-13 16:04:57+00:00,https://twitter.com/___spiral____/status/1569718786433126400,___spiral____,Twitter Web App,,"$eth crypto eth merge  update fractal   weekly reversal candles are not a good friend, so if there is any failure on the merge, probably we could see a nice red dildo...  anyway, we need to keep holding the microstructure trend line to validate the bullish continuation. ",6,1,0,2,-0.465,"Sentiment(polarity=-0.01666666666666669, subjectivity=0.47500000000000003)",0.5
91,91,2022-09-14 11:53:44+00:00,https://twitter.com/TediGanja/status/1570017954179481600,TediGanja,Periscope,"Boston, MA",what investors  can expect from  ethereums merge?  crash or pump?  ethereummerge eth pos 167 ,7,2,0,1,-0.4696,"Sentiment(polarity=0.0, subjectivity=0.0)",0.25
442,442,2022-09-11 13:30:06+00:00,https://twitter.com/Jamie1Coutts/status/1568955042706739202,Jamie1Coutts,Circleboom Publish,Singapore,eth dominance: a snapshot of the past 30 days' revenue and profit captured on the major blockchains. hidden behind this visual is the rise of l2s which are also stealing mkt share away from alt-l1s.  not a particularly bullish summasise for these 'eth killers'. ,14,2,0,0,-0.4767,"Sentiment(polarity=-0.13958333333333334, subjectivity=0.3527777777777778)",-0.5
621,621,2022-09-09 14:13:14+00:00,https://twitter.com/ABJwhalee/status/1568241121444200449,ABJwhalee,Twitter for Android,Mars,eth will crash hard after the merge eth,0,0,1,0,-0.4767,"Sentiment(polarity=-0.2916666666666667, subjectivity=0.5416666666666666)",-0.7
68,68,2022-09-14 15:41:11+00:00,https://twitter.com/iamLewcid/status/1570075192516386825,iamLewcid,Twitter for iPhone,"·¥õ Ä·¥á·¥á ·¥Ñ…™·¥õ è, …¥·¥á·¥°  è·¥è Ä·¥ã","ct went from 99% bullish a month ago to 99% bearish today. the masses are normally wrong, cpi was just a master class on that. holding my eth with a pt $1900-$2000 ethereummerge",0,0,0,0,-0.4767,"Sentiment(polarity=-0.5, subjectivity=0.9)",-0.9
565,565,2022-09-10 02:44:09+00:00,https://twitter.com/crypto_wai/status/1568430097769852928,crypto_wai,Twitter Web App,,trying to time the crypto market is a fool's game. i'll be looking out for a crash after the merge to pick up the real eth (pos). only fools will try to time &amp; sell ethpow. too much leveraged bullish play turning fud into fomo.  i'm looking to buy when the excitement is over.,0,0,0,1,-0.4824,"Sentiment(polarity=0.0, subjectivity=0.47500000000000003)",0.2
142,142,2022-09-13 22:57:25+00:00,https://twitter.com/Matthew32073304/status/1569822586808270849,Matthew32073304,Twitter for iPhone,United Kingdom," buying  now is low risk imo, its oversold which is very bullish considering whats coming. ive bought the dip yonko luff dev usdc eth the dev has already push luffy up to 300m, thats 600x from here.",3,1,0,1,-0.4939,"Sentiment(polarity=0.1, subjectivity=0.3)",0.8
126,126,2022-09-14 02:56:18+00:00,https://twitter.com/Lorae_Kn/status/1569882703348256769,Lorae_Kn,Twitter for iPhone,Remote,heres a little throwback who is looking forward? what will this mean for the price of nfts? is this the reason for the crash? tell me your thoughts   themerge wtfcrypto eth ethereum crypto cryptocrash ethereummerge web3 nfts ,1,1,0,3,-0.5007,"Sentiment(polarity=-0.25, subjectivity=0.59375)",0.2
862,862,2022-09-07 22:54:56+00:00,https://twitter.com/AgentExWeb3/status/1567647636152537089,AgentExWeb3,Twitter Web App,Metaverse,eth going to crash for a tiny bit post merge???,0,0,0,0,-0.5007,"Sentiment(polarity=0.0, subjectivity=0.5)",-0.5
297,297,2022-09-12 20:17:07+00:00,https://twitter.com/CryptoRambo69/status/1569419860936990724,CryptoRambo69,Twitter for Android,Social Media Influencer,hot launch incoming this thursday!     connective is a defi vc marketing firm  locked for 1 year anti dump function raised 40 eth influencers on board low 5% tax  really bullish on the utility here. i'll be pushing hard   crypto,0,0,0,1,-0.5093,"Sentiment(polarity=0.005208333333333329, subjectivity=0.4979166666666667)",0.8
467,467,2022-09-11 05:04:59+00:00,https://twitter.com/OyoshiSakamoto/status/1568827926900244481,OyoshiSakamoto,Twitter Web App,, $ching chingon   - community is bullish - floors are building  - lp burnt  - marketing isn't started yet - chart looking sick   $ching ching chingon skull memecoins 1000xgem eth ,3,2,1,0,-0.5106,"Sentiment(polarity=-0.7142857142857143, subjectivity=0.8571428571428571)",0.6
464,464,2022-09-11 05:30:58+00:00,https://twitter.com/OyoshiSakamoto/status/1568834462821253120,OyoshiSakamoto,Twitter Web App,, $ching chingon   - community is bullish - floors are building  - lp burnt  - marketing isn't started yet - chart looking sick  - degen platform utility  $ching ching chingon memecoins 1000xgem eth ,0,0,0,0,-0.5106,"Sentiment(polarity=-0.7142857142857143, subjectivity=0.8571428571428571)",0.7
940,940,2022-09-07 08:28:53+00:00,https://twitter.com/Batzwayz/status/1567429689018388482,Batzwayz,Twitter Web App,,_zaorski wiem e maa pozycja ale crypto to dla mnie dodatek do rynkw tradycyjnych i nie mam duego dowiadczenia. zapane sensownie. lekka dwignia x5. spodziewam si ataku na 1420 po nim moemy zaliczy adny crash :) pozycja zabezpieczona na be. eth ,0,0,0,0,-0.5106,"Sentiment(polarity=0.25, subjectivity=0.65)",0.2
87,87,2022-09-14 12:38:36+00:00,https://twitter.com/BoneSmasher_/status/1570029247455977474,BoneSmasher_,Twitter for iPhone,,"december 31st 1999, celebrating the new year eve with friends and family. the news of the 2000 bug was real: computer shutting down, economy crash, chaos. you know what, nothing happened. eth is about to merge, new bug and new chaos?  crypto nft",9,1,0,7,-0.5106,"Sentiment(polarity=0.0907070707070707, subjectivity=0.3905050505050506)",0.2
433,433,2022-09-11 15:19:31+00:00,https://twitter.com/OyoshiSakamoto/status/1568982578748878849,OyoshiSakamoto,Twitter Web App,,_pepe  $ching chingon   - community is bullish - floors are building  - lp burnt  - chart looking sick  - degen platform utility  $ching ching chingon memecoins 1000xgem eth ,4,4,0,0,-0.5106,"Sentiment(polarity=-0.7142857142857143, subjectivity=0.8571428571428571)",0.75
804,804,2022-09-08 09:55:19+00:00,https://twitter.com/chartsIV/status/1567813826669838336,chartsIV,Twitter Web App,,"eth big dump coming.  when? maybe this weekend, before or after the cpi report or right before the merge.   stochastic rsi is almost above 90 = overbought  bearish patterns such as bear flag, rising wedge, head and shoulder, &amp; symmetrical triangle all formed (shown below) ",3,1,1,1,-0.516,"Sentiment(polarity=0.07142857142857142, subjectivity=0.30892857142857144)",-0.7
913,913,2022-09-07 14:31:37+00:00,https://twitter.com/buenosairesgo/status/1567520972600758272,buenosairesgo,Twitter Web App,BUENOS AIRES - ARGENTINA,"listos para operar el short de eth ??      bueno ahi vamos........recuerden es un swing, yo les avisar cuando salir!.......no salgan antes..... crash ethereummerge binance       _informe ",33,12,0,0,-0.5191,"Sentiment(polarity=0.0, subjectivity=0.3)",0.2
104,104,2022-09-14 09:17:30+00:00,https://twitter.com/StableBenn/status/1569978637134491648,StableBenn,Twitter Web App,,no queda absolutamente nada para the merge y an no sabes qu pasa? aqu hay algunas cosas que deberias saber como proximo usuario de la red  ethereum themerge eth ,1,0,0,1,-0.5267,"Sentiment(polarity=0.0, subjectivity=0.0)",-0.2
160,160,2022-09-13 20:13:32+00:00,https://twitter.com/tonymitchell832/status/1569781343739068416,tonymitchell832,Twitter for iPhone,"Winter Park, FL",ethereummerge crash or pump?  ethereum merge explained | ethereum 2.0 |...  via  theadambergmanshow   eth ethmerge ethereum eth2 ethereum2 ether proofofwork proofofstake pos pow,1,0,0,2,-0.5319,"Sentiment(polarity=0.0, subjectivity=0.0)",0.5
18,18,2022-09-14 21:12:03+00:00,https://twitter.com/d5crypto/status/1570158460536500226,d5crypto,Twitter Web App,Not financial advice,how many fake vitalik.eth accounts are there? is this bullish? eth themerge,2,0,0,0,-0.5362,"Sentiment(polarity=0.0, subjectivity=0.75)",0.0
419,419,2022-09-11 17:33:35+00:00,https://twitter.com/SwingTrader92/status/1569016316610375680,SwingTrader92,Twitter for iPhone,Deutschland,eth 2nd target  and if bullish btc should tag 3rd target before pulling back harsh! merge could be a catalyst! lswh ,1,0,0,0,-0.5399,"Sentiment(polarity=-0.078125, subjectivity=0.175)",0.7
968,968,2022-09-07 02:05:08+00:00,https://twitter.com/timepricetravel/status/1567333111901614080,timepricetravel,Twitter Web App,Australia,"$eth  looking to double bottom in the yearly cycles around the september lows, with a possible push down into 894.  crash pattern remains 400  ethereum eth ",2,0,0,0,-0.5423,"Sentiment(polarity=-0.051851851851851864, subjectivity=0.42962962962962964)",0.25
939,939,2022-09-07 08:49:26+00:00,https://twitter.com/ACryptoB1/status/1567434858900643840,ACryptoB1,Twitter Web App,UK,"cosmos (atom) has managed to pull it off despite the decline in demand due to a bearish market. - altcoin rallied by 27% in the past week. - cosmos integration with dot, eth to trigger a spike in demand. - atom price experiences exhaustion.  ",1,0,0,1,-0.5423,"Sentiment(polarity=-0.1875, subjectivity=0.3125)",0.27
278,278,2022-09-13 00:12:03+00:00,https://twitter.com/CometCalls/status/1569478981614997505,CometCalls,Twitter for iPhone,,bullish on $harm shoutout to  and the whole community  dont fumble your moonbag   eth,54,36,6,67,-0.5423,"Sentiment(polarity=0.2, subjectivity=0.4)",0.8
383,383,2022-09-12 02:39:09+00:00,https://twitter.com/katherinelou032/status/1569153614605856768,katherinelou032,Twitter for iPhone,,"my karmic prayer: in two weeks from now, on the anniversary of the day the market opened limit down, i want the stock price of every single technology and defense contractor that these politicians are invested in to crash while investors dump those holdings into eth",0,1,0,0,-0.5423,"Sentiment(polarity=-0.1134920634920635, subjectivity=0.2515873015873016)",0.5
938,938,2022-09-07 09:00:26+00:00,https://twitter.com/Tnshqqq_/status/1567437628521201665,Tnshqqq_,Twitter for iPhone,,yeah so conclusion is that we all know its a bullish event but it can go wrong so manage your positions accordingly. eth,3,0,0,1,-0.5499,"Sentiment(polarity=-0.5, subjectivity=0.9)",0.5
282,282,2022-09-12 23:21:10+00:00,https://twitter.com/trepanier2009/status/1569466176518123520,trepanier2009,Twitter for iPhone,"Tucson, AZ","a ver f**king eth, dnde est tu subida espectacular previo a tu desman? no que muy ac ethmerge ethereum eth nosirvesparanada qu hago con mis 30 eth sin valor considerable estoy perdiendo por tu culpa.",0,0,0,0,-0.5574,"Sentiment(polarity=0.0, subjectivity=0.0)",-0.7
272,272,2022-09-13 01:55:11+00:00,https://twitter.com/Marky8882/status/1569504938484695041,Marky8882,Twitter for iPhone,,"eth looking to long at the .786 retracement $1635. bullish cup &amp; handel, negative funding. europe is printing money, usa &amp; canada about to follow. expecting a jaw dropping bear market rally until after midterms.  possibly upto $3000 eth ",3,0,0,1,-0.5719,"Sentiment(polarity=-0.11666666666666665, subjectivity=0.6)",0.25
461,461,2022-09-11 06:15:25+00:00,https://twitter.com/CryptoSignalMs/status/1568845651668094976,CryptoSignalMs,Zapier.com,, eth - signal our algo identifies a bullish (buy) signal for $eth at price 1763.2539131598112    retweet if you want us to break ath!   access our algorithm:  ,0,0,0,1,-0.5848,"Sentiment(polarity=0.0, subjectivity=0.0)",0.8
930,930,2022-09-07 11:17:50+00:00,https://twitter.com/CoinGapeMedia/status/1567472204593643527,CoinGapeMedia,Twitter Web App,Global,"staked ether (steth)/eth peg deviates further, risks another crypto market crash?  ethreum eth $eth cryptomarket   ",40,30,19,23,-0.5859,"Sentiment(polarity=0.0, subjectivity=0.5)",0.2
65,65,2022-09-14 16:00:34+00:00,https://twitter.com/premium5deluxe/status/1570080070768947200,premium5deluxe,Twitter for Android,Beach,is merge bullish or bullshit? merge eth ethereummerge ethereum,0,0,0,0,-0.5859,"Sentiment(polarity=0.0, subjectivity=0.0)",0.5
874,874,2022-09-07 20:34:45+00:00,https://twitter.com/Ada28587778/status/1567612356817035265,Ada28587778,Twitter for Android,, bullish  zukuverse enterthejungle zuku eth nftcommunity  ,2,0,0,1,-0.5859,"Sentiment(polarity=0.0, subjectivity=0.0)",0.8
675,675,2022-09-08 22:22:50+00:00,https://twitter.com/Leveragex69/status/1568001947222802432,Leveragex69,Twitter Web App,,eth family get ready for the nasty black friday crash that is coming _ _zi ,0,0,0,0,-0.5859,"Sentiment(polarity=-0.32222222222222224, subjectivity=0.6444444444444445)",-0.2
173,173,2022-09-13 18:25:20+00:00,https://twitter.com/firstguardian16/status/1569754115462369281,firstguardian16,Twitter Web App,,"crypto prices stayed bearish over the weekend, failing to make any gains to cover previous days losses. check the most recent news with phemex! crypto trading cardano eth   ",0,0,0,0,-0.5983,"Sentiment(polarity=0.11111111111111112, subjectivity=0.3055555555555555)",-0.5
53,53,2022-09-14 17:28:27+00:00,https://twitter.com/Deanicide/status/1570102187312676864,Deanicide,Twitter for Android,Earth,scalp long $eth very negative funding + eth spot cvd bullish ,1,0,0,1,-0.6115,"Sentiment(polarity=-0.22, subjectivity=0.46)",0.25
400,400,2022-09-11 20:49:00+00:00,https://twitter.com/TMarshTEM/status/1569065494954803200,TMarshTEM,Twitter for iPhone,,"eth 4h | broadening channel + rsi      ether is currently over the 7m and broadening channel s/r line.    the rsi is showing signs of weak bearish divergence.     for a drop to the 20 sma, or retest the 7m s/r line, if it falls back into the broadening channel. ",1,0,0,1,-0.6124,"Sentiment(polarity=-0.125, subjectivity=0.3416666666666666)",0.2
834,834,2022-09-08 04:24:03+00:00,https://twitter.com/DeFiHedgehog/status/1567730459832107013,DeFiHedgehog,dlvr.it,Foraging alpha nuggetsüåü,sell all your bitcoin nowserious crypto price crash warning issued ahead of game-changing ethereum upgrade - forbes  ethereum eth,0,0,0,2,-0.6249,"Sentiment(polarity=0.0, subjectivity=0.0)",-0.5
26,26,2022-09-14 20:00:14+00:00,https://twitter.com/NftMayc/status/1570140385888079873,NftMayc,Twitter for iPhone,,"eth price mostly going to dump once all the staked eth + the rewards will be released - we are still in bearish market and people is getting scared   honestly, i am waiting for the dip to reload some more eth to my wallet   lets see how it goes -  or  ?crypto",16,2,1,1,-0.6369,"Sentiment(polarity=0.5333333333333333, subjectivity=0.6333333333333333)",-0.5
728,728,2022-09-08 12:13:33+00:00,https://twitter.com/DeFiHedgehog/status/1567848614424383489,DeFiHedgehog,dlvr.it,Foraging alpha nuggetsüåü,"bitgert (brise) is preparing for a bull run, as ethereum and ripple struggles with the crypto crash - analytics insight  ethereum eth",0,0,0,0,-0.6369,"Sentiment(polarity=0.0, subjectivity=0.0)",0.4
578,578,2022-09-09 22:33:08+00:00,https://twitter.com/Cryptekk_98/status/1568366925364822016,Cryptekk_98,Twitter for iPhone,Cryptopia,soon they are gonna be saying $harm whales are buying x token and be hype and bullish about it.  you wanna be the whale or the person hyped about the whales buying?   clock ticking frens. moon imminent.    crypto defi eth ethereum 1000xgem altcoins ,13,9,0,5,-0.6408,"Sentiment(polarity=0.0, subjectivity=0.0)",0.5
970,970,2022-09-07 01:42:14+00:00,https://twitter.com/tonymoontanaeth/status/1567327348428603393,tonymoontanaeth,Twitter for iPhone,,  can you say bullish???  $rhllor eth cryptocurrency ,12,10,0,3,-0.6531,"Sentiment(polarity=0.0, subjectivity=0.0)",0.6
511,511,2022-09-10 18:09:16+00:00,https://twitter.com/bitcoin_curious/status/1568662909454008326,bitcoin_curious,Twitter for iPhone,Mars,"after the merge, which is in 4 days,  eth is going to the moon.   or its going to crash under 1k.   most likely will crash. (temporary)",1,0,0,0,-0.6872,"Sentiment(polarity=0.25, subjectivity=0.75)",-0.6
683,683,2022-09-08 20:44:16+00:00,https://twitter.com/BowTheNFT/status/1567977141261991942,BowTheNFT,Twitter for iPhone,,look at them kiddos.  you will love them nft fam!!    we are bullish! are you?  join  now!  eth nftart  nftartist  nftgaming ,13,4,1,2,-0.6973,"Sentiment(polarity=1.0, subjectivity=0.6)",0.8
931,931,2022-09-07 10:56:00+00:00,https://twitter.com/bit2me/status/1567466711372255233,bit2me,Twitter Web App,,bellatrix activada   ltima parada hasta themerge de ethereum.   ayer el precio de eth reaccion positivamente ante esta noticia con una subida de un 6%.   qu crees que pasar el 15 de septiembre? ,28,3,0,2,-0.7003,"Sentiment(polarity=0.0, subjectivity=0.0)",0.6
120,120,2022-09-14 03:53:48+00:00,https://twitter.com/Malik_Israar/status/1569897174846312448,Malik_Israar,Twitter for iPhone,"Lahore, Pakistan ",eth merge:  market already smashed so badly.i personally believe this sell news event absorbed by market in  last night dump.  expecting not a severe crash on ethereum again.i might be wrong.  a nasty daily candle telling the whole story.,0,0,0,1,-0.7057,"Sentiment(polarity=-0.14285714285714285, subjectivity=0.5095238095238095)",-0.5
214,214,2022-09-13 12:36:03+00:00,https://twitter.com/DhruvPanchasara/status/1569666215316168706,DhruvPanchasara,Twitter for Android,India üáÆüá≥,drop your unsold nfts under 1 eth in comment box  bullish on buying     foundationnft foundation nftsold nftcollector ,20,15,0,11,-0.7096,"Sentiment(polarity=0.0, subjectivity=0.0)",0.6
302,302,2022-09-12 19:32:54+00:00,https://twitter.com/GShodl/status/1569408733301690371,GShodl,Twitter Web App,Pile of leaves,70% not confident of a pump  a whale into market manipulation was probably thinking to do the opposite of the mass marketing and dump the merge to shake out the opportunists  but this seems rather bearish considering all the eth maxi propaganda over the last 12 months,0,0,0,0,-0.7108,"Sentiment(polarity=-0.0875, subjectivity=0.25)",-0.5
136,136,2022-09-14 00:22:41+00:00,https://twitter.com/ShrekBTC/status/1569844044695740416,ShrekBTC,Twitter Web App,Duloc,"$eth/usd eth ethereum   have been consistent in saying bulls need a flip of $1700 in order for me to flip/remain bullish (even got that fakeout to $1800)  teased it momentarily, but failed  looking for $1300-$1400 now *so long as we remain under $1700*   ",1,0,1,0,-0.7227,"Sentiment(polarity=-0.09999999999999999, subjectivity=0.3166666666666667)",0.25
705,705,2022-09-08 17:02:44+00:00,https://twitter.com/Ada28587778/status/1567921389553721346,Ada28587778,Twitter for Android,, i'm bullish  zukuverse enterthejungle zuku eth nftcommunity  ,7,3,2,1,-0.7351,"Sentiment(polarity=0.0, subjectivity=0.0)",0.8
981,981,2022-09-06 22:54:01+00:00,https://twitter.com/Ada28587778/status/1567285015876145153,Ada28587778,Twitter for Android,,  bullish  zukuverse enterthejungle zuku eth nftcommunity  ,3,0,0,1,-0.7351,"Sentiment(polarity=0.0, subjectivity=0.0)",0.75
933,933,2022-09-07 10:14:03+00:00,https://twitter.com/niklas_zamzow/status/1567456152203546624,niklas_zamzow,Twitter Web App,Deutschland,"$eth printed a bearish engulfing candle yesterday and was rejected by the daily 21ema.  on the 4h chart, the 2018 ath has been broken and is tested as resistance. (not yet confirmed)  possible short setup eth ",3,0,0,1,-0.7506,"Sentiment(polarity=0.0, subjectivity=0.5399999999999999)",-0.5
835,835,2022-09-08 04:04:41+00:00,https://twitter.com/Crypto_ardilla/status/1567725586054873088,Crypto_ardilla,Twitter for Android,,"_ i also have been thinking about this! i mean eth continues to look bullish even in the middle of all this world chaos? doesn't that feel like what comes before a ""buy the rumor, sell the news"" situation? i guess time will tell",3,0,0,2,-0.7552,"Sentiment(polarity=-0.15625, subjectivity=0.34375)",0.5
274,274,2022-09-13 01:03:11+00:00,https://twitter.com/anjares90/status/1569491851719344133,anjares90,Twitter for Android,"England, United Kingdom",change pow to pos eth will be explode   ,0,0,0,0,-0.7579,"Sentiment(polarity=0.0, subjectivity=0.0)",0.5
96,96,2022-09-14 10:57:00+00:00,https://twitter.com/MythicProto/status/1570003678622322690,MythicProto,Twitter for iPhone,Mythical Realm,"the much anticipated eth merge is here!    caution - don't be blindly bullish on the merge as it won't change all that much immediately   safety 1st - it could be a ""sell the news"" event and you could lose $ trying to trade it  ethmerge crypto cryptocurrency cryptonews",3,1,0,1,-0.7596,"Sentiment(polarity=-0.033333333333333326, subjectivity=0.35555555555555557)",0.5
694,694,2022-09-08 18:11:45+00:00,https://twitter.com/CryptoLifer33/status/1567938758254682115,CryptoLifer33,Twitter Web App,NYC,"$eth  been bullish recently. in a falling wedge, broke to the upside. trying to get above zone but getting rejected. the daily time frame is overbought and is in a rising wedge. superchat crypto altcfoin eth  timestamp   ",9,1,0,1,-0.7684,"Sentiment(polarity=0.0, subjectivity=0.11666666666666665)",0.5
672,672,2022-09-08 22:52:48+00:00,https://twitter.com/NunoAlm16725824/status/1568009485805039616,NunoAlm16725824,Twitter for Android,, 1 more eth buyback coming at killing the zero!!  and then the new bullish proposals beeing voted on discord...  price of bananas about to get expensive!  $bct    crypto eth 100xgem ,5,2,0,1,-0.8392,"Sentiment(polarity=0.09753787878787878, subjectivity=0.5515151515151515)",0.5
166,166,2022-09-13 19:41:14+00:00,https://twitter.com/WorldOfCharts1/status/1569773218138886145,WorldOfCharts1,Twitter for Android,,eth  ethereum merge is coming but still price action showing classical bearish sighns   crypto ethereummerge ethereum eth ethusdt ,1,0,1,0,-0.8519,"Sentiment(polarity=0.05, subjectivity=0.05)",0.2
479,479,2022-09-11 00:35:54+00:00,https://twitter.com/SWEEPSTEAKZZ/status/1568760207492136961,SWEEPSTEAKZZ,Twitter for iPhone,SRQ HQ ,"no eth discord im in this second is trading eth, there all spamming random shit trying to register .sol names.  idk if this is bullish or bearish. quite frankly sweepz is confused .",12,0,0,2,-0.8534,"Sentiment(polarity=-0.275, subjectivity=0.5)",0.0
335,335,2022-09-12 14:24:09+00:00,https://twitter.com/katherinelou032/status/1569331032016445442,katherinelou032,Twitter for iPhone,,"heavily invested in, and whose technology is being used to track women, to crash while investors dump those holdings into companies that give a shit about womens rights and eth. you know, so we can pay for our own fucking medical treatment without the government finding out.",1,0,0,0,-0.8612,"Sentiment(polarity=0.04999999999999999, subjectivity=0.575)",0.5
519,519,2022-09-10 16:28:53+00:00,https://twitter.com/Washigorira/status/1568637645982470146,Washigorira,Twitter Web App,"Duba√Ø, Emirats Arabes Unis","eth bearish sentiment.   futures spreads in backwardation. which means that investors are mostly pessimist on ethereum price for the next 3 to 6 months.  perp spreads are negative as well, hence the funding being aggressively negative.   that could be bullish for eth. ",107,23,3,29,-0.8779,"Sentiment(polarity=-0.024999999999999994, subjectivity=0.325)",0.2
431,431,2022-09-11 15:27:26+00:00,https://twitter.com/DateCalendar_/status/1568984570967769088,DateCalendar_,Twitter Web App,,"on this day, 2001, 19 militants associated with the terrorist group al-qaeda hijacked four planes, crashing two into the world trade towers, and one into the pentagon, killing thousands.   september 11, 2001: minted available in secondary markets.  owner:    eth nft ",4,0,0,0,-0.8779,"Sentiment(polarity=0.05000000000000002, subjectivity=0.35)",0.2
203,203,2022-09-13 14:04:33+00:00,https://twitter.com/thecryptochart/status/1569688489683484672,thecryptochart,Twitter Web App,,btcdominance update trend looks to be reversing. bunch of bearish divergences. rsi is weaker on each new high. is the king back to drag us out of this shit bear market? might be time for eth to take a breather. maybe people are scared of the ethmerge? cryptotraders   ,1,1,0,1,-0.9064,"Sentiment(polarity=-0.0007272727272727264, subjectivity=0.37307575757575756)",0.2
184,184,2022-09-13 16:39:06+00:00,https://twitter.com/CryptusMedia/status/1569727381258268672,CryptusMedia,Twitter Web App,Web3,"[5/31]however, when the difficulty bomb was almost ready to explode, eth2.0 was nowhere near ready  so eip-2384 did delay the difficulty bomb for 611 days   meanwhile, the block reward kept going down: from 5 eth it was cut to 3 $eth in october 2017 during the byzantium update",1,0,0,1,-0.918,"Sentiment(polarity=0.08611111111111111, subjectivity=0.4222222222222222)",0.2
858,858,2022-09-07 23:04:44+00:00,https://twitter.com/Cryptokeithllc/status/1567650100633280513,Cryptokeithllc,Twitter for iPhone,Memphis Tennessee ,bullish on mikoto  and about the jeets.lets stop  and buy them out  eth $mikoto telegram:  website:  ,6,4,0,2,-0.9236,"Sentiment(polarity=0.0, subjectivity=0.0)",0.5
